PROV1;1;x
PROV2;2;x
PROV3;3;x
PROV4;4;x
PROV5;5;x
PROV6;6;x
PROV7;7;x
PROV8;8;x
PROV9;9;x
PROV10;10;x
PROV11;11;x
PROV12;12;x
PROV13;13;x
PROV14;14;x
PROV15;15;x
PROV16;16;x
PROV17;17;x
PROV18;18;x
PROV19;19;x
PROV20;20;x
PROV21;21;x
PROV22;22;x
PROV23;23;x
PROV24;24;x
PROV25;25;x
PROV26;26;x
PROV27;27;x
PROV28;28;x
PROV29;29;x
PROV30;30;x
PROV31;31;x
PROV32;32;x
PROV33;33;x
PROV34;34;x
PROV35;35;x
PROV36;36;x
PROV37;37;x
PROV38;38;x
PROV39;39;x
PROV40;40;x
PROV41;41;x
PROV42;42;x
PROV43;43;x
PROV44;44;x
PROV45;45;x
PROV46;46;x
PROV47;47;x
PROV48;48;x
PROV49;49;x
PROV50;50;x
PROV51;51;x
PROV52;52;x
PROV53;53;x
PROV54;54;x
PROV55;55;x
PROV56;56;x
PROV57;57;x
PROV58;58;x
PROV59;59;x
PROV60;60;x
PROV61;61;x
PROV62;62;x
PROV63;63;x
PROV64;64;x
PROV65;65;x
PROV66;66;x
PROV67;67;x
PROV68;68;x
PROV69;69;x
PROV70;70;x
PROV71;71;x
PROV72;72;x
PROV73;73;x
PROV74;74;x
PROV75;75;x
PROV76;76;x
PROV77;77;x
PROV78;78;x
PROV79;79;x
PROV80;80;x
PROV81;81;x
PROV82;82;x
PROV83;83;x
PROV84;84;x
PROV85;85;x
PROV86;86;x
PROV87;87;x
PROV88;88;x
PROV89;89;x
PROV90;90;x
PROV91;91;x
PROV92;92;x
PROV93;93;x
PROV94;94;x
PROV95;95;x
PROV96;96;x
PROV97;97;x
PROV98;98;x
PROV99;99;x
PROV100;100;x
PROV101;101;x
PROV102;102;x
PROV103;103;x
PROV104;104;x
PROV105;105;x
PROV106;106;x
PROV107;107;x
PROV108;108;x
PROV109;109;x
PROV110;110;x
PROV111;111;x
PROV112;112;x
PROV113;113;x
PROV114;114;x
PROV115;115;x
PROV116;116;x
PROV117;117;x
PROV118;118;x
PROV119;119;x
PROV120;120;x
PROV121;121;x
PROV122;122;x
PROV123;123;x
PROV124;124;x
PROV125;125;x
PROV126;126;x
PROV127;127;x
PROV128;128;x
PROV129;129;x
PROV130;130;x
PROV131;131;x
PROV132;132;x
PROV133;133;x
PROV134;134;x
PROV135;135;x
PROV136;136;x
PROV137;137;x
PROV138;138;x
PROV139;139;x
PROV140;140;x
PROV141;141;x
PROV142;142;x
PROV143;143;x
PROV144;144;x
PROV145;145;x
PROV146;146;x
PROV147;147;x
PROV148;148;x
PROV149;149;x
PROV150;150;x
PROV151;151;x
PROV152;152;x
PROV153;153;x
PROV154;154;x
PROV155;155;x
PROV156;156;x
PROV157;157;x
PROV158;158;x
PROV159;159;x
PROV160;160;x
PROV161;161;x
PROV162;162;x
PROV163;163;x
PROV164;164;x
PROV165;165;x
PROV166;166;x
PROV167;167;x
PROV168;168;x
PROV169;169;x
PROV170;170;x
PROV171;171;x
PROV172;172;x
PROV173;173;x
PROV174;174;x
PROV175;175;x
PROV176;176;x
PROV177;177;x
PROV178;178;x
PROV179;179;x
PROV180;180;x
PROV181;181;x
PROV182;182;x
PROV183;183;x
PROV184;184;x
PROV185;185;x
PROV186;186;x
PROV187;187;x
PROV188;188;x
PROV189;189;x
PROV190;190;x
PROV191;191;x
PROV192;192;x
PROV193;193;x
PROV194;194;x
PROV195;195;x
PROV196;196;x
PROV197;197;x
PROV198;198;x
PROV199;199;x
PROV200;200;x
PROV201;201;x
PROV202;202;x
PROV203;203;x
PROV204;204;x
PROV205;205;x
PROV206;206;x
PROV207;207;x
PROV208;208;x
PROV209;209;x
PROV210;210;x
PROV211;211;x
PROV212;212;x
PROV213;213;x
PROV214;214;x
PROV215;215;x
PROV216;216;x
PROV217;217;x
PROV218;218;x
PROV219;219;x
PROV220;220;x
PROV221;221;x
PROV222;222;x
PROV223;223;x
PROV224;224;x
PROV225;225;x
PROV226;226;x
PROV227;227;x
PROV228;228;x
PROV229;229;x
PROV230;230;x
PROV231;231;x
PROV232;232;x
PROV233;233;x
PROV234;234;x
PROV235;235;x
PROV236;236;x
PROV237;237;x
PROV238;238;x
PROV239;239;x
PROV240;240;x
PROV241;241;x
PROV242;242;x
PROV243;243;x
PROV244;244;x
PROV245;245;x
PROV246;246;x
PROV247;247;x
PROV248;248;x
PROV249;249;x
PROV250;250;x
PROV251;251;x
PROV252;252;x
PROV253;253;x
PROV254;254;x
PROV255;255;x
PROV256;256;x
PROV257;257;x
PROV258;258;x
PROV259;259;x
PROV260;260;x
PROV261;261;x
PROV262;262;x
PROV263;263;x
PROV264;264;x
PROV265;265;x
PROV266;266;x
PROV267;267;x
PROV268;268;x
PROV269;269;x
PROV270;270;x
PROV271;271;x
PROV272;272;x
PROV273;273;x
PROV274;274;x
PROV275;275;x
PROV276;276;x
PROV277;277;x
PROV278;278;x
PROV279;279;x
PROV280;280;x
PROV281;281;x
PROV282;282;x
PROV283;283;x
PROV284;284;x
PROV285;285;x
PROV286;286;x
PROV287;287;x
PROV288;288;x
PROV289;289;x
PROV290;290;x
PROV291;291;x
PROV292;292;x
PROV293;293;x
PROV294;294;x
PROV295;295;x
PROV296;296;x
PROV297;297;x
PROV298;298;x
PROV299;299;x
PROV300;300;x
PROV301;301;x
PROV302;302;x
PROV303;303;x
PROV304;304;x
PROV305;305;x
PROV306;306;x
PROV307;307;x
PROV308;308;x
PROV309;309;x
PROV310;310;x
PROV311;311;x
PROV312;312;x
PROV313;313;x
PROV314;314;x
PROV315;315;x
PROV316;316;x
PROV317;317;x
PROV318;318;x
PROV319;319;x
PROV320;320;x
PROV321;321;x
PROV322;322;x
PROV323;323;x
PROV324;324;x
PROV325;325;x
PROV326;326;x
PROV327;327;x
PROV328;328;x
PROV329;329;x
PROV330;330;x
PROV331;331;x
PROV332;332;x
PROV333;333;x
PROV334;334;x
PROV335;335;x
PROV336;336;x
PROV337;337;x
PROV338;338;x
PROV339;339;x
PROV340;340;x
PROV341;341;x
PROV342;342;x
PROV343;343;x
PROV344;344;x
PROV345;345;x
PROV346;346;x
PROV347;347;x
PROV348;348;x
PROV349;349;x
PROV350;350;x
PROV351;351;x
PROV352;352;x
PROV353;353;x
PROV354;354;x
PROV355;355;x
PROV356;356;x
PROV357;357;x
PROV358;358;x
PROV359;359;x
PROV360;360;x
PROV361;361;x
PROV362;362;x
PROV363;363;x
PROV364;364;x
PROV365;365;x
PROV366;366;x
PROV367;367;x
PROV368;368;x
PROV369;369;x
PROV370;370;x
PROV371;371;x
PROV372;372;x
PROV373;373;x
PROV374;374;x
PROV375;375;x
PROV376;376;x
PROV377;377;x
PROV378;378;x
PROV379;379;x
PROV380;380;x
PROV381;381;x
PROV382;382;x
PROV383;383;x
PROV384;384;x
PROV385;385;x
PROV386;386;x
PROV387;387;x
PROV388;388;x
PROV389;389;x
PROV390;390;x
PROV391;391;x
PROV392;392;x
PROV393;393;x
PROV394;394;x
PROV395;395;x
PROV396;396;x
PROV397;397;x
PROV398;398;x
PROV399;399;x
PROV400;400;x
PROV401;401;x
PROV402;402;x
PROV403;403;x
PROV404;404;x
PROV405;405;x
PROV406;406;x
PROV407;407;x
PROV408;408;x
PROV409;409;x
PROV410;410;x
PROV411;411;x
PROV412;412;x
PROV413;413;x
PROV414;414;x
PROV415;415;x
PROV416;416;x
PROV417;417;x
PROV418;418;x
PROV419;419;x
PROV420;420;x
PROV421;421;x
PROV422;422;x
PROV423;423;x
PROV424;424;x
PROV425;425;x
PROV426;426;x
PROV427;427;x
PROV428;428;x
PROV429;429;x
PROV430;430;x
PROV431;431;x
PROV432;432;x
PROV433;433;x
PROV434;434;x
PROV435;435;x
PROV436;436;x
PROV437;437;x
PROV438;438;x
PROV439;439;x
PROV440;440;x
PROV441;441;x
PROV442;442;x
PROV443;443;x
PROV444;444;x
PROV445;445;x
PROV446;446;x
PROV447;447;x
PROV448;448;x
PROV449;449;x
PROV450;450;x
PROV451;451;x
PROV452;452;x
PROV453;453;x
PROV454;454;x
PROV455;455;x
PROV456;456;x
PROV457;457;x
PROV458;458;x
PROV459;459;x
PROV460;460;x
PROV461;461;x
PROV462;462;x
PROV463;463;x
PROV464;464;x
PROV465;465;x
PROV466;466;x
PROV467;467;x
PROV468;468;x
PROV469;469;x
PROV470;470;x
PROV471;471;x
PROV472;472;x
PROV473;473;x
PROV474;474;x
PROV475;475;x
PROV476;476;x
PROV477;477;x
PROV478;478;x
PROV479;479;x
PROV480;480;x
PROV481;481;x
PROV482;482;x
PROV483;483;x
PROV484;484;x
PROV485;485;x
PROV486;486;x
PROV487;487;x
PROV488;488;x
PROV489;489;x
PROV490;490;x
PROV491;491;x
PROV492;492;x
PROV493;493;x
PROV494;494;x
PROV495;495;x
PROV496;496;x
PROV497;497;x
PROV498;498;x
PROV499;499;x
PROV500;500;x
PROV501;501;x
PROV502;502;x
PROV503;503;x
PROV504;504;x
PROV505;505;x
PROV506;506;x
PROV507;507;x
PROV508;508;x
PROV509;509;x
PROV510;510;x
PROV511;511;x
PROV512;512;x
PROV513;513;x
PROV514;514;x
PROV515;515;x
PROV516;516;x
PROV517;517;x
PROV518;518;x
PROV519;519;x
PROV520;520;x
PROV521;521;x
PROV522;522;x
PROV523;523;x
PROV524;524;x
PROV525;525;x
PROV526;526;x
PROV527;527;x
PROV528;528;x
PROV529;529;x
PROV530;530;x
PROV531;531;x
PROV532;532;x
PROV533;533;x
PROV534;534;x
PROV535;535;x
PROV536;536;x
PROV537;537;x
PROV538;538;x
PROV539;539;x
PROV540;540;x
PROV541;541;x
PROV542;542;x
PROV543;543;x
PROV544;544;x
PROV545;545;x
PROV546;546;x
PROV547;547;x
PROV548;548;x
PROV549;549;x
PROV550;550;x
PROV551;551;x
PROV552;552;x
PROV553;553;x
PROV554;554;x
PROV555;555;x
PROV556;556;x
PROV557;557;x
PROV558;558;x
PROV559;559;x
PROV560;560;x
PROV561;561;x
PROV562;562;x
PROV563;563;x
PROV564;564;x
PROV565;565;x
PROV566;566;x
PROV567;567;x
PROV568;568;x
PROV569;569;x
PROV570;570;x
PROV571;571;x
PROV572;572;x
PROV573;573;x
PROV574;574;x
PROV575;575;x
PROV576;576;x
PROV577;577;x
PROV578;578;x
PROV579;579;x
PROV580;580;x
PROV581;581;x
PROV582;582;x
PROV583;583;x
PROV584;584;x
PROV585;585;x
PROV586;586;x
PROV587;587;x
PROV588;588;x
PROV589;589;x
PROV590;590;x
PROV591;591;x
PROV592;592;x
PROV593;593;x
PROV594;594;x
PROV595;595;x
PROV596;596;x
PROV597;597;x
PROV598;598;x
PROV599;599;x
PROV600;600;x
PROV601;601;x
PROV602;602;x
PROV603;603;x
PROV604;604;x
PROV605;605;x
PROV606;606;x
PROV607;607;x
PROV608;608;x
PROV609;609;x
PROV610;610;x
PROV611;611;x
PROV612;612;x
PROV613;613;x
PROV614;614;x
PROV615;615;x
PROV616;616;x
PROV617;617;x
PROV618;618;x
PROV619;619;x
PROV620;620;x
PROV621;621;x
PROV622;622;x
PROV623;623;x
PROV624;624;x
PROV625;625;x
PROV626;626;x
PROV627;627;x
PROV628;628;x
PROV629;629;x
PROV630;630;x
PROV631;631;x
PROV632;632;x
PROV633;633;x
PROV634;634;x
PROV635;635;x
PROV636;636;x
PROV637;637;x
PROV638;638;x
PROV639;639;x
PROV640;640;x
PROV641;641;x
PROV642;642;x
PROV643;643;x
PROV644;644;x
PROV645;645;x
PROV646;646;x
PROV647;647;x
PROV648;648;x
PROV649;649;x
PROV650;650;x
PROV651;651;x
PROV652;652;x
PROV653;653;x
PROV654;654;x
PROV655;655;x
PROV656;656;x
PROV657;657;x
PROV658;658;x
PROV659;659;x
PROV660;660;x
PROV661;661;x
PROV662;662;x
PROV663;663;x
PROV664;664;x
PROV665;665;x
PROV666;666;x
PROV667;667;x
PROV668;668;x
PROV669;669;x
PROV670;670;x
PROV671;671;x
PROV672;672;x
PROV673;673;x
PROV674;674;x
PROV675;675;x
PROV676;676;x
PROV677;677;x
PROV678;678;x
PROV679;679;x
PROV680;680;x
PROV681;681;x
PROV682;682;x
PROV683;683;x
PROV684;684;x
PROV685;685;x
PROV686;686;x
PROV687;687;x
PROV688;688;x
PROV689;689;x
PROV690;690;x
PROV691;691;x
PROV692;692;x
PROV693;693;x
PROV694;694;x
PROV695;695;x
PROV696;696;x
PROV697;697;x
PROV698;698;x
PROV699;699;x
PROV700;700;x
PROV701;701;x
PROV702;702;x
PROV703;703;x
PROV704;704;x
PROV705;705;x
PROV706;706;x
PROV707;707;x
PROV708;708;x
PROV709;709;x
PROV710;710;x
PROV711;711;x
PROV712;712;x
PROV713;713;x
PROV714;714;x
PROV715;715;x
PROV716;716;x
PROV717;717;x
PROV718;718;x
PROV719;719;x
PROV720;720;x
PROV721;721;x
PROV722;722;x
PROV723;723;x
PROV724;724;x
PROV725;725;x
PROV726;726;x
PROV727;727;x
PROV728;728;x
PROV729;729;x
PROV730;730;x
PROV731;731;x
PROV732;732;x
PROV733;733;x
PROV734;734;x
PROV735;735;x
PROV736;736;x
PROV737;737;x
PROV738;738;x
PROV739;739;x
PROV740;740;x
PROV741;741;x
PROV742;742;x
PROV743;743;x
PROV744;744;x
PROV745;745;x
PROV746;746;x
PROV747;747;x
PROV748;748;x
PROV749;749;x
PROV750;750;x
PROV751;751;x
PROV752;752;x
PROV753;753;x
PROV754;754;x
PROV755;755;x
PROV756;756;x
PROV757;757;x
PROV758;758;x
PROV759;759;x
PROV760;760;x
PROV761;761;x
PROV762;762;x
PROV763;763;x
PROV764;764;x
PROV765;765;x
PROV766;766;x
PROV767;767;x
PROV768;768;x
PROV769;769;x
PROV770;770;x
PROV771;771;x
PROV772;772;x
PROV773;773;x
PROV774;774;x
PROV775;775;x
PROV776;776;x
PROV777;777;x
PROV778;778;x
PROV779;779;x
PROV780;780;x
PROV781;781;x
PROV782;782;x
PROV783;783;x
PROV784;784;x
PROV785;785;x
PROV786;786;x
PROV787;787;x
PROV788;788;x
PROV789;789;x
PROV790;790;x
PROV791;791;x
PROV792;792;x
PROV793;793;x
PROV794;794;x
PROV795;795;x
PROV796;796;x
PROV797;797;x
PROV798;798;x
PROV799;799;x
PROV800;800;x
PROV801;801;x
PROV802;802;x
PROV803;803;x
PROV804;804;x
PROV805;805;x
PROV806;806;x
PROV807;807;x
PROV808;808;x
PROV809;809;x
PROV810;810;x
PROV811;811;x
PROV812;812;x
PROV813;813;x
PROV814;814;x
PROV815;815;x
PROV816;816;x
PROV817;817;x
PROV818;818;x
PROV819;819;x
PROV820;820;x
PROV821;821;x
PROV822;822;x
PROV823;823;x
PROV824;824;x
PROV825;825;x
PROV826;826;x
PROV827;827;x
PROV828;828;x
PROV829;829;x
PROV830;830;x
PROV831;831;x
PROV832;832;x
PROV833;833;x
PROV834;834;x
PROV835;835;x
PROV836;836;x
PROV837;837;x
PROV838;838;x
PROV839;839;x
PROV840;840;x
PROV841;841;x
PROV842;842;x
PROV843;843;x
PROV844;844;x
PROV845;845;x
PROV846;846;x
PROV847;847;x
PROV848;848;x
PROV849;849;x
PROV850;850;x
PROV851;851;x
PROV852;852;x
PROV853;853;x
PROV854;854;x
PROV855;855;x
PROV856;856;x
PROV857;857;x
PROV858;858;x
PROV859;859;x
PROV860;860;x
PROV861;861;x
PROV862;862;x
PROV863;863;x
PROV864;864;x
PROV865;865;x
PROV866;866;x
PROV867;867;x
PROV868;868;x
PROV869;869;x
PROV870;870;x
PROV871;871;x
PROV872;872;x
PROV873;873;x
PROV874;874;x
PROV875;875;x
PROV876;876;x
PROV877;877;x
PROV878;878;x
PROV879;879;x
PROV880;880;x
PROV881;881;x
PROV882;882;x
PROV883;883;x
PROV884;884;x
PROV885;885;x
PROV886;886;x
PROV887;887;x
PROV888;888;x
PROV889;889;x
PROV890;890;x
PROV891;891;x
PROV892;892;x
PROV893;893;x
PROV894;894;x
PROV895;895;x
PROV896;896;x
PROV897;897;x
PROV898;898;x
PROV899;899;x
PROV900;900;x
PROV901;901;x
PROV902;902;x
PROV903;903;x
PROV904;904;x
PROV905;905;x
PROV906;906;x
PROV907;907;x
PROV908;908;x
PROV909;909;x
PROV910;910;x
PROV911;911;x
PROV912;912;x
PROV913;913;x
PROV914;914;x
PROV915;915;x
PROV916;916;x
PROV917;917;x
PROV918;918;x
PROV919;919;x
PROV920;920;x
PROV921;921;x
PROV922;922;x
PROV923;923;x
PROV924;924;x
PROV925;925;x
PROV926;926;x
PROV927;927;x
PROV928;928;x
PROV929;929;x
PROV930;930;x
PROV931;931;x
PROV932;932;x
PROV933;933;x
PROV934;934;x
PROV935;935;x
PROV936;936;x
PROV937;937;x
PROV938;938;x
PROV939;939;x
PROV940;940;x
PROV941;941;x
PROV942;942;x
PROV943;943;x
PROV944;944;x
PROV945;945;x
PROV946;946;x
PROV947;947;x
PROV948;948;x
PROV949;949;x
PROV950;950;x
PROV951;951;x
PROV952;952;x
PROV953;953;x
PROV954;954;x
PROV955;955;x
PROV956;956;x
PROV957;957;x
PROV958;958;x
PROV959;959;x
PROV960;960;x
PROV961;961;x
PROV962;962;x
PROV963;963;x
PROV964;964;x
PROV965;965;x
PROV966;966;x
PROV967;967;x
PROV968;968;x
PROV969;969;x
PROV970;970;x
PROV971;971;x
PROV972;972;x
PROV973;973;x
PROV974;974;x
PROV975;975;x
PROV976;976;x
PROV977;977;x
PROV978;978;x
PROV979;979;x
PROV980;980;x
PROV981;981;x
PROV982;982;x
PROV983;983;x
PROV984;984;x
PROV985;985;x
PROV986;986;x
PROV987;987;x
PROV988;988;x
PROV989;989;x
PROV990;990;x
PROV991;991;x
PROV992;992;x
PROV993;993;x
PROV994;994;x
PROV995;995;x
PROV996;996;x
PROV997;997;x
PROV998;998;x
PROV999;999;x
PROV1000;1000;x
PROV1001;1001;x
PROV1002;1002;x
PROV1003;1003;x
PROV1004;1004;x
PROV1005;1005;x
PROV1006;1006;x
PROV1007;1007;x
PROV1008;1008;x
PROV1009;1009;x
PROV1010;1010;x
PROV1011;1011;x
PROV1012;1012;x
PROV1013;1013;x
PROV1014;1014;x
PROV1015;1015;x
PROV1016;1016;x
PROV1017;1017;x
PROV1018;1018;x
PROV1019;1019;x
PROV1020;1020;x
PROV1021;1021;x
PROV1022;1022;x
PROV1023;1023;x
PROV1024;1024;x
PROV1025;1025;x
PROV1026;1026;x
PROV1027;1027;x
PROV1028;1028;x
PROV1029;1029;x
PROV1030;1030;x
PROV1031;1031;x
PROV1032;1032;x
PROV1033;1033;x
PROV1034;1034;x
PROV1035;1035;x
PROV1036;1036;x
PROV1037;1037;x
PROV1038;1038;x
PROV1039;1039;x
PROV1040;1040;x
PROV1041;1041;x
PROV1042;1042;x
PROV1043;1043;x
PROV1044;1044;x
PROV1045;1045;x
PROV1046;1046;x
PROV1047;1047;x
PROV1048;1048;x
PROV1049;1049;x
PROV1050;1050;x
PROV1051;1051;x
PROV1052;1052;x
PROV1053;1053;x
PROV1054;1054;x
PROV1055;1055;x
PROV1056;1056;x
PROV1057;1057;x
PROV1058;1058;x
PROV1059;1059;x
PROV1060;1060;x
PROV1061;1061;x
PROV1062;1062;x
PROV1063;1063;x
PROV1064;1064;x
PROV1065;1065;x
PROV1066;1066;x
PROV1067;1067;x
PROV1068;1068;x
PROV1069;1069;x
PROV1070;1070;x
PROV1071;1071;x
PROV1072;1072;x
PROV1073;1073;x
PROV1074;1074;x
PROV1075;1075;x
PROV1076;1076;x
PROV1077;1077;x
PROV1078;1078;x
PROV1079;1079;x
PROV1080;1080;x
PROV1081;1081;x
PROV1082;1082;x
PROV1083;1083;x
PROV1084;1084;x
PROV1085;1085;x
PROV1086;1086;x
PROV1087;1087;x
PROV1088;1088;x
PROV1089;1089;x
PROV1090;1090;x
PROV1091;1091;x
PROV1092;1092;x
PROV1093;1093;x
PROV1094;1094;x
PROV1095;1095;x
PROV1096;1096;x
PROV1097;1097;x
PROV1098;1098;x
PROV1099;1099;x
PROV1100;1100;x
PROV1101;1101;x
PROV1102;1102;x
PROV1103;1103;x
PROV1104;1104;x
PROV1105;1105;x
PROV1106;1106;x
PROV1107;1107;x
PROV1108;1108;x
PROV1109;1109;x
PROV1110;1110;x
PROV1111;1111;x
PROV1112;1112;x
PROV1113;1113;x
PROV1114;1114;x
PROV1115;1115;x
PROV1116;1116;x
PROV1117;1117;x
PROV1118;1118;x
PROV1119;1119;x
PROV1120;1120;x
PROV1121;1121;x
PROV1122;1122;x
PROV1123;1123;x
PROV1124;1124;x
PROV1125;1125;x
PROV1126;1126;x
PROV1127;1127;x
PROV1128;1128;x
PROV1129;1129;x
PROV1130;1130;x
PROV1131;1131;x
PROV1132;1132;x
PROV1133;1133;x
PROV1134;1134;x
PROV1135;1135;x
PROV1136;1136;x
PROV1137;1137;x
PROV1138;1138;x
PROV1139;1139;x
PROV1140;1140;x
PROV1141;1141;x
PROV1142;1142;x
PROV1143;1143;x
PROV1144;1144;x
PROV1145;1145;x
PROV1146;1146;x
PROV1147;1147;x
PROV1148;1148;x
PROV1149;1149;x
PROV1150;1150;x
PROV1151;1151;x
PROV1152;1152;x
PROV1153;1153;x
PROV1154;1154;x
PROV1155;1155;x
PROV1156;1156;x
PROV1157;1157;x
PROV1158;1158;x
PROV1159;1159;x
PROV1160;1160;x
PROV1161;1161;x
PROV1162;1162;x
PROV1163;1163;x
PROV1164;1164;x
PROV1165;1165;x
PROV1166;1166;x
PROV1167;1167;x
PROV1168;1168;x
PROV1169;1169;x
PROV1170;1170;x
PROV1171;1171;x
PROV1172;1172;x
PROV1173;1173;x
PROV1174;1174;x
PROV1175;1175;x
PROV1176;1176;x
PROV1177;1177;x
PROV1178;1178;x
PROV1179;1179;x
PROV1180;1180;x
PROV1181;1181;x
PROV1182;1182;x
PROV1183;1183;x
PROV1184;1184;x
PROV1185;1185;x
PROV1186;1186;x
PROV1187;1187;x
PROV1188;1188;x
PROV1189;1189;x
PROV1190;1190;x
PROV1191;1191;x
PROV1192;1192;x
PROV1193;1193;x
PROV1194;1194;x
PROV1195;1195;x
PROV1196;1196;x
PROV1197;1197;x
PROV1198;1198;x
PROV1199;1199;x
PROV1200;1200;x
PROV1201;1201;x
PROV1202;1202;x
PROV1203;1203;x
PROV1204;1204;x
PROV1205;1205;x
PROV1206;1206;x
PROV1207;1207;x
PROV1208;1208;x
PROV1209;1209;x
PROV1210;1210;x
PROV1211;1211;x
PROV1212;1212;x
PROV1213;1213;x
PROV1214;1214;x
PROV1215;1215;x
PROV1216;1216;x
PROV1217;1217;x
PROV1218;1218;x
PROV1219;1219;x
PROV1220;1220;x
PROV1221;1221;x
PROV1222;1222;x
PROV1223;1223;x
PROV1224;1224;x
PROV1225;1225;x
PROV1226;1226;x
PROV1227;1227;x
PROV1228;1228;x
PROV1229;1229;x
PROV1230;1230;x
PROV1231;1231;x
PROV1232;1232;x
PROV1233;1233;x
PROV1234;1234;x
PROV1235;1235;x
PROV1236;1236;x
PROV1237;1237;x
PROV1238;1238;x
PROV1239;1239;x
PROV1240;1240;x
PROV1241;1241;x
PROV1242;1242;x
PROV1243;1243;x
PROV1244;1244;x
PROV1245;1245;x
PROV1246;1246;x
PROV1247;1247;x
PROV1248;1248;x
PROV1249;1249;x
PROV1250;1250;x
PROV1251;1251;x
PROV1252;1252;x
PROV1253;1253;x
PROV1254;1254;x
PROV1255;1255;x
PROV1256;1256;x
PROV1257;1257;x
PROV1258;1258;x
PROV1259;1259;x
PROV1260;1260;x
PROV1261;1261;x
PROV1262;1262;x
PROV1263;1263;x
PROV1264;1264;x
PROV1265;1265;x
PROV1266;1266;x
PROV1267;1267;x
PROV1268;1268;x
PROV1269;1269;x
PROV1270;1270;x
PROV1271;1271;x
PROV1272;1272;x
PROV1273;1273;x
PROV1274;1274;x
PROV1275;1275;x
PROV1276;1276;x
PROV1277;1277;x
PROV1278;1278;x
PROV1279;1279;x
PROV1280;1280;x
PROV1281;1281;x
PROV1282;1282;x
PROV1283;1283;x
PROV1284;1284;x
PROV1285;1285;x
PROV1286;1286;x
PROV1287;1287;x
PROV1288;1288;x
PROV1289;1289;x
PROV1290;1290;x
PROV1291;1291;x
PROV1292;1292;x
PROV1293;1293;x
PROV1294;1294;x
PROV1295;1295;x
PROV1296;1296;x
PROV1297;1297;x
PROV1298;1298;x
PROV1299;1299;x
PROV1300;1300;x
PROV1301;1301;x
PROV1302;1302;x
PROV1303;1303;x
PROV1304;1304;x
PROV1305;1305;x
PROV1306;1306;x
PROV1307;1307;x
PROV1308;1308;x
PROV1309;1309;x
PROV1310;1310;x
PROV1311;1311;x
PROV1312;1312;x
PROV1313;1313;x
PROV1314;1314;x
PROV1315;1315;x
PROV1316;1316;x
PROV1317;1317;x
PROV1318;1318;x
PROV1319;1319;x
PROV1320;1320;x
PROV1321;1321;x
PROV1322;1322;x
PROV1323;1323;x
PROV1324;1324;x
PROV1325;1325;x
PROV1326;1326;x
PROV1327;1327;x
PROV1328;1328;x
PROV1329;1329;x
PROV1330;1330;x
PROV1331;1331;x
PROV1332;1332;x
PROV1333;1333;x
PROV1334;1334;x
PROV1335;1335;x
PROV1336;1336;x
PROV1337;1337;x
PROV1338;1338;x
PROV1339;1339;x
PROV1340;1340;x
PROV1341;1341;x
PROV1342;1342;x
PROV1343;1343;x
PROV1344;1344;x
PROV1345;1345;x
PROV1346;1346;x
PROV1347;1347;x
PROV1348;1348;x
PROV1349;1349;x
PROV1350;1350;x
PROV1351;1351;x
PROV1352;1352;x
PROV1353;1353;x
PROV1354;1354;x
PROV1355;1355;x
PROV1356;1356;x
PROV1357;1357;x
PROV1358;1358;x
PROV1359;1359;x
PROV1360;1360;x
PROV1361;1361;x
PROV1362;1362;x
PROV1363;1363;x
PROV1364;1364;x
PROV1365;1365;x
PROV1366;1366;x
PROV1367;1367;x
PROV1368;1368;x
PROV1369;1369;x
PROV1370;1370;x
PROV1371;1371;x
PROV1372;1372;x
PROV1373;1373;x
PROV1374;1374;x
PROV1375;1375;x
PROV1376;1376;x
PROV1377;1377;x
PROV1378;1378;x
PROV1379;1379;x
PROV1380;1380;x
PROV1381;1381;x
PROV1382;1382;x
PROV1383;1383;x
PROV1384;1384;x
PROV1385;1385;x
PROV1386;1386;x
PROV1387;1387;x
PROV1388;1388;x
PROV1389;1389;x
PROV1390;1390;x
PROV1391;1391;x
PROV1392;1392;x
PROV1393;1393;x
PROV1394;1394;x
PROV1395;1395;x
PROV1396;1396;x
PROV1397;1397;x
PROV1398;1398;x
PROV1399;1399;x
PROV1400;1400;x
PROV1401;1401;x
PROV1402;1402;x
PROV1403;1403;x
PROV1404;1404;x
PROV1405;1405;x
PROV1406;1406;x
PROV1407;1407;x
PROV1408;1408;x
PROV1409;1409;x
PROV1410;1410;x
PROV1411;1411;x
PROV1412;1412;x
PROV1413;1413;x
PROV1414;1414;x
PROV1415;1415;x
PROV1416;1416;x
PROV1417;1417;x
PROV1418;1418;x
PROV1419;1419;x
PROV1420;1420;x
PROV1421;1421;x
PROV1422;1422;x
PROV1423;1423;x
PROV1424;1424;x
PROV1425;1425;x
PROV1426;1426;x
PROV1427;1427;x
PROV1428;1428;x
PROV1429;1429;x
PROV1430;1430;x
PROV1431;1431;x
PROV1432;1432;x
PROV1433;1433;x
PROV1434;1434;x
PROV1435;1435;x
PROV1436;1436;x
PROV1437;1437;x
PROV1438;1438;x
PROV1439;1439;x
PROV1440;1440;x
PROV1441;1441;x
PROV1442;1442;x
PROV1443;1443;x
PROV1444;1444;x
PROV1445;1445;x
PROV1446;1446;x
PROV1447;1447;x
PROV1448;1448;x
PROV1449;1449;x
PROV1450;1450;x
PROV1451;1451;x
PROV1452;1452;x
PROV1453;1453;x
PROV1454;1454;x
PROV1455;1455;x
PROV1456;1456;x
PROV1457;1457;x
PROV1458;1458;x
PROV1459;1459;x
PROV1460;1460;x
PROV1461;1461;x
PROV1462;1462;x
PROV1463;1463;x
PROV1464;1464;x
PROV1465;1465;x
PROV1466;1466;x
PROV1467;1467;x
PROV1468;1468;x
PROV1469;1469;x
PROV1470;1470;x
PROV1471;1471;x
PROV1472;1472;x
PROV1473;1473;x
PROV1474;1474;x
PROV1475;1475;x
PROV1476;1476;x
PROV1477;1477;x
PROV1478;1478;x
PROV1479;1479;x
PROV1480;1480;x
PROV1481;1481;x
PROV1482;1482;x
PROV1483;1483;x
PROV1484;1484;x
PROV1485;1485;x
PROV1486;1486;x
PROV1487;1487;x
PROV1488;1488;x
PROV1489;1489;x
PROV1490;1490;x
PROV1491;1491;x
PROV1492;1492;x
PROV1493;1493;x
PROV1494;1494;x
PROV1495;1495;x
PROV1496;1496;x
PROV1497;1497;x
PROV1498;1498;x
PROV1499;1499;x
PROV1500;1500;x
PROV1501;1501;x
PROV1502;1502;x
PROV1503;1503;x
PROV1504;1504;x
PROV1505;1505;x
PROV1506;1506;x
PROV1507;1507;x
PROV1508;1508;x
PROV1509;1509;x
PROV1510;1510;x
PROV1511;1511;x
PROV1512;1512;x
PROV1513;1513;x
PROV1514;1514;x
PROV1515;1515;x
PROV1516;1516;x
PROV1517;1517;x
PROV1518;1518;x
PROV1519;1519;x
PROV1520;1520;x
PROV1521;1521;x
PROV1522;1522;x
PROV1523;1523;x
PROV1524;1524;x
PROV1525;1525;x
PROV1526;1526;x
PROV1527;1527;x
PROV1528;1528;x
PROV1529;1529;x
PROV1530;1530;x
PROV1531;1531;x
PROV1532;1532;x
PROV1533;1533;x
PROV1534;1534;x
PROV1535;1535;x
PROV1536;1536;x
PROV1537;1537;x
PROV1538;1538;x
PROV1539;1539;x
PROV1540;1540;x
PROV1541;1541;x
PROV1542;1542;x
PROV1543;1543;x
PROV1544;1544;x
PROV1545;1545;x
PROV1546;1546;x
PROV1547;1547;x
PROV1548;1548;x
PROV1549;1549;x
PROV1550;1550;x
PROV1551;1551;x
PROV1552;1552;x
PROV1553;1553;x
PROV1554;1554;x
PROV1555;1555;x
PROV1556;1556;x
PROV1557;1557;x
PROV1558;1558;x
PROV1559;1559;x
PROV1560;1560;x
PROV1561;1561;x
PROV1562;1562;x
PROV1563;1563;x
PROV1564;1564;x
PROV1565;1565;x
PROV1566;1566;x
PROV1567;1567;x
PROV1568;1568;x
PROV1569;1569;x
PROV1570;1570;x
PROV1571;1571;x
PROV1572;1572;x
PROV1573;1573;x
PROV1574;1574;x
PROV1575;1575;x
PROV1576;1576;x
PROV1577;1577;x
PROV1578;1578;x
PROV1579;1579;x
PROV1580;1580;x
PROV1581;1581;x
PROV1582;1582;x
PROV1583;1583;x
PROV1584;1584;x
PROV1585;1585;x
PROV1586;1586;x
PROV1587;1587;x
PROV1588;1588;x
PROV1589;1589;x
PROV1590;1590;x
PROV1591;1591;x
PROV1592;1592;x
PROV1593;1593;x
PROV1594;1594;x
PROV1595;1595;x
PROV1596;1596;x
PROV1597;1597;x
PROV1598;1598;x
PROV1599;1599;x
PROV1600;1600;x
PROV1601;1601;x
PROV1602;1602;x
PROV1603;1603;x
PROV1604;1604;x
PROV1605;1605;x
PROV1606;1606;x
PROV1607;1607;x
PROV1608;1608;x
PROV1609;1609;x
PROV1610;1610;x
PROV1611;1611;x
PROV1612;1612;x
PROV1613;1613;x
PROV1614;1614;x
PROV1615;1615;x
PROV1616;1616;x
PROV1617;1617;x
PROV1618;1618;x
PROV1619;1619;x
PROV1620;1620;x
PROV1621;1621;x
PROV1622;1622;x
PROV1623;1623;x
PROV1624;1624;x
PROV1625;1625;x
PROV1626;1626;x
PROV1627;1627;x
PROV1628;1628;x
PROV1629;1629;x
PROV1630;1630;x
PROV1631;1631;x
PROV1632;1632;x
PROV1633;1633;x
PROV1634;1634;x
PROV1635;1635;x
PROV1636;1636;x
PROV1637;1637;x
PROV1638;1638;x
PROV1639;1639;x
PROV1640;1640;x
PROV1641;1641;x
PROV1642;1642;x
PROV1643;1643;x
PROV1644;1644;x
PROV1645;1645;x
PROV1646;1646;x
PROV1647;1647;x
PROV1648;1648;x
PROV1649;1649;x
PROV1650;1650;x
PROV1651;1651;x
PROV1652;1652;x
PROV1653;1653;x
PROV1654;1654;x
PROV1655;1655;x
PROV1656;1656;x
PROV1657;1657;x
PROV1658;1658;x
PROV1659;1659;x
PROV1660;1660;x
PROV1661;1661;x
PROV1662;1662;x
PROV1663;1663;x
PROV1664;1664;x
PROV1665;1665;x
PROV1666;1666;x
PROV1667;1667;x
PROV1668;1668;x
PROV1669;1669;x
PROV1670;1670;x
PROV1671;1671;x
PROV1672;1672;x
PROV1673;1673;x
PROV1674;1674;x
PROV1675;1675;x
PROV1676;1676;x
PROV1677;1677;x
PROV1678;1678;x
PROV1679;1679;x
PROV1680;1680;x
PROV1681;1681;x
PROV1682;1682;x
PROV1683;1683;x
PROV1684;1684;x
PROV1685;1685;x
PROV1686;1686;x
PROV1687;1687;x
PROV1688;1688;x
PROV1689;1689;x
PROV1690;1690;x
PROV1691;1691;x
PROV1692;1692;x
PROV1693;1693;x
PROV1694;1694;x
PROV1695;1695;x
PROV1696;1696;x
PROV1697;1697;x
PROV1698;1698;x
PROV1699;1699;x
PROV1700;1700;x
PROV1701;1701;x
PROV1702;1702;x
PROV1703;1703;x
PROV1704;1704;x
PROV1705;1705;x
PROV1706;1706;x
PROV1707;1707;x
PROV1708;1708;x
PROV1709;1709;x
PROV1710;1710;x
PROV1711;1711;x
PROV1712;1712;x
PROV1713;1713;x
PROV1714;1714;x
PROV1715;1715;x
PROV1716;1716;x
PROV1717;1717;x
PROV1718;1718;x
PROV1719;1719;x
PROV1720;1720;x
PROV1721;1721;x
PROV1722;1722;x
PROV1723;1723;x
PROV1724;1724;x
PROV1725;1725;x
PROV1726;1726;x
PROV1727;1727;x
PROV1728;1728;x
PROV1729;1729;x
PROV1730;1730;x
PROV1731;1731;x
PROV1732;1732;x
PROV1733;1733;x
PROV1734;1734;x
PROV1735;1735;x
PROV1736;1736;x
PROV1737;1737;x
PROV1738;1738;x
PROV1739;1739;x
PROV1740;1740;x
PROV1741;1741;x
PROV1742;1742;x
PROV1743;1743;x
PROV1744;1744;x
PROV1745;1745;x
PROV1746;1746;x
PROV1747;1747;x
PROV1748;1748;x
PROV1749;1749;x
PROV1750;1750;x
PROV1751;1751;x
PROV1752;1752;x
PROV1753;1753;x
PROV1754;1754;x
PROV1755;1755;x
PROV1756;1756;x
PROV1757;1757;x
PROV1758;1758;x
PROV1759;1759;x
PROV1760;1760;x
PROV1761;1761;x
PROV1762;1762;x
PROV1763;1763;x
PROV1764;1764;x
PROV1765;1765;x
PROV1766;1766;x
PROV1767;1767;x
PROV1768;1768;x
PROV1769;1769;x
PROV1770;1770;x
PROV1771;1771;x
PROV1772;1772;x
PROV1773;1773;x
PROV1774;1774;x
PROV1775;1775;x
PROV1776;1776;x
PROV1777;1777;x
PROV1778;1778;x
PROV1779;1779;x
PROV1780;1780;x
PROV1781;1781;x
PROV1782;1782;x
PROV1783;1783;x
PROV1784;1784;x
PROV1785;1785;x
PROV1786;1786;x
PROV1787;1787;x
PROV1788;1788;x
PROV1789;1789;x
PROV1790;1790;x
PROV1791;1791;x
PROV1792;1792;x
PROV1793;1793;x
PROV1794;1794;x
PROV1795;1795;x
PROV1796;1796;x
PROV1797;1797;x
PROV1798;1798;x
PROV1799;1799;x
PROV1800;1800;x
PROV1801;1801;x
PROV1802;1802;x
PROV1803;1803;x
PROV1804;1804;x
PROV1805;1805;x
PROV1806;1806;x
PROV1807;1807;x
PROV1808;1808;x
PROV1809;1809;x
PROV1810;1810;x
PROV1811;1811;x
PROV1812;1812;x
PROV1813;1813;x
PROV1814;1814;x
PROV1815;1815;x
PROV1816;1816;x
PROV1817;1817;x
PROV1818;1818;x
PROV1819;1819;x
PROV1820;1820;x
PROV1821;1821;x
PROV1822;1822;x
PROV1823;1823;x
PROV1824;1824;x
PROV1825;1825;x
PROV1826;1826;x
PROV1827;1827;x
PROV1828;1828;x
PROV1829;1829;x
PROV1830;1830;x
PROV1831;1831;x
PROV1832;1832;x
PROV1833;1833;x
PROV1834;1834;x
PROV1835;1835;x
PROV1836;1836;x
PROV1837;1837;x
PROV1838;1838;x
PROV1839;1839;x
PROV1840;1840;x
PROV1841;1841;x
PROV1842;1842;x
PROV1843;1843;x
PROV1844;1844;x
PROV1845;1845;x
PROV1846;1846;x
PROV1847;1847;x
PROV1848;1848;x
PROV1849;1849;x
PROV1850;1850;x
PROV1851;1851;x
PROV1852;1852;x
PROV1853;1853;x
PROV1854;1854;x
PROV1855;1855;x
PROV1856;1856;x
PROV1857;1857;x
PROV1858;1858;x
PROV1859;1859;x
PROV1860;1860;x
PROV1861;1861;x
PROV1862;1862;x
PROV1863;1863;x
PROV1864;1864;x
PROV1865;1865;x
PROV1866;1866;x
PROV1867;1867;x
PROV1868;1868;x
PROV1869;1869;x
PROV1870;1870;x
PROV1871;1871;x
PROV1872;1872;x
PROV1873;1873;x
PROV1874;1874;x
PROV1875;1875;x
PROV1876;1876;x
PROV1877;1877;x
PROV1878;1878;x
PROV1879;1879;x
PROV1880;1880;x
PROV1881;1881;x
PROV1882;1882;x
PROV1883;1883;x
PROV1884;1884;x
PROV1885;1885;x
PROV1886;1886;x
PROV1887;1887;x
PROV1888;1888;x
PROV1889;1889;x
PROV1890;1890;x
PROV1891;1891;x
PROV1892;1892;x
PROV1893;1893;x
PROV1894;1894;x
PROV1895;1895;x
PROV1896;1896;x
PROV1897;1897;x
PROV1898;1898;x
PROV1899;1899;x
PROV1900;1900;x
PROV1901;1901;x
PROV1902;1902;x
PROV1903;1903;x
PROV1904;1904;x
PROV1905;1905;x
PROV1906;1906;x
PROV1907;1907;x
PROV1908;1908;x
PROV1909;1909;x
PROV1910;1910;x
PROV1911;1911;x
PROV1912;1912;x
PROV1913;1913;x
PROV1914;1914;x
PROV1915;1915;x
PROV1916;1916;x
PROV1917;1917;x
PROV1918;1918;x
PROV1919;1919;x
PROV1920;1920;x
PROV1921;1921;x
PROV1922;1922;x
PROV1923;1923;x
PROV1924;1924;x
PROV1925;1925;x
PROV1926;1926;x
PROV1927;1927;x
PROV1928;1928;x
PROV1929;1929;x
PROV1930;1930;x
PROV1931;1931;x
PROV1932;1932;x
PROV1933;1933;x
PROV1934;1934;x
PROV1935;1935;x
PROV1936;1936;x
PROV1937;1937;x
PROV1938;1938;x
PROV1939;1939;x
PROV1940;1940;x
PROV1941;1941;x
PROV1942;1942;x
PROV1943;1943;x
PROV1944;1944;x
PROV1945;1945;x
PROV1946;1946;x
PROV1947;1947;x
PROV1948;1948;x
PROV1949;1949;x
PROV1950;1950;x
PROV1951;1951;x
PROV1952;1952;x
PROV1953;1953;x
PROV1954;1954;x
PROV1955;1955;x
PROV1956;1956;x
PROV1957;1957;x
PROV1958;1958;x
PROV1959;1959;x
PROV1960;1960;x
PROV1961;1961;x
PROV1962;1962;x
PROV1963;1963;x
PROV1964;1964;x
PROV1965;1965;x
PROV1966;1966;x
PROV1967;1967;x
PROV1968;1968;x
PROV1969;1969;x
PROV1970;1970;x
PROV1971;1971;x
PROV1972;1972;x
PROV1973;1973;x
PROV1974;1974;x
PROV1975;1975;x
PROV1976;1976;x
PROV1977;1977;x
PROV1978;1978;x
PROV1979;1979;x
PROV1980;1980;x
PROV1981;1981;x
PROV1982;1982;x
PROV1983;1983;x
PROV1984;1984;x
PROV1985;1985;x
PROV1986;1986;x
PROV1987;1987;x
PROV1988;1988;x
PROV1989;1989;x
PROV1990;1990;x
PROV1991;1991;x
PROV1992;1992;x
PROV1993;1993;x
PROV1994;1994;x
PROV1995;1995;x
PROV1996;1996;x
PROV1997;1997;x
PROV1998;1998;x
PROV1999;1999;x
PROV2000;2000;x
PROV2001;2001;x
PROV2002;2002;x
PROV2003;2003;x
PROV2004;2004;x
PROV2005;2005;x
PROV2006;2006;x
PROV2007;2007;x
PROV2008;2008;x
PROV2009;2009;x
PROV2010;2010;x
PROV2011;2011;x
PROV2012;2012;x
PROV2013;2013;x
PROV2014;2014;x
PROV2015;2015;x
PROV2016;2016;x
PROV2017;2017;x
PROV2018;2018;x
PROV2019;2019;x
PROV2020;2020;x
PROV2021;2021;x
PROV2022;2022;x
PROV2023;2023;x
PROV2024;2024;x
PROV2025;2025;x
PROV2026;2026;x
PROV2027;2027;x
PROV2028;2028;x
PROV2029;2029;x
PROV2030;2030;x
PROV2031;2031;x
PROV2032;2032;x
PROV2033;2033;x
PROV2034;2034;x
PROV2035;2035;x
PROV2036;2036;x
PROV2037;2037;x
PROV2038;2038;x
PROV2039;2039;x
PROV2040;2040;x
PROV2041;2041;x
PROV2042;2042;x
PROV2043;2043;x
PROV2044;2044;x
PROV2045;2045;x
PROV2046;2046;x
PROV2047;2047;x
PROV2048;2048;x
PROV2049;2049;x
PROV2050;2050;x
PROV2051;2051;x
PROV2052;2052;x
PROV2053;2053;x
PROV2054;2054;x
PROV2055;2055;x
PROV2056;2056;x
PROV2057;2057;x
PROV2058;2058;x
PROV2059;2059;x
PROV2060;2060;x
PROV2061;2061;x
PROV2062;2062;x
PROV2063;2063;x
PROV2064;2064;x
PROV2065;2065;x
PROV2066;2066;x
PROV2067;2067;x
PROV2068;2068;x
PROV2069;2069;x
PROV2070;2070;x
PROV2071;2071;x
PROV2072;2072;x
PROV2073;2073;x
PROV2074;2074;x
PROV2075;2075;x
PROV2076;2076;x
PROV2077;2077;x
PROV2078;2078;x
PROV2079;2079;x
PROV2080;2080;x
PROV2081;2081;x
PROV2082;2082;x
PROV2083;2083;x
PROV2084;2084;x
PROV2085;2085;x
PROV2086;2086;x
PROV2087;2087;x
PROV2088;2088;x
PROV2089;2089;x
PROV2090;2090;x
PROV2091;2091;x
PROV2092;2092;x
PROV2093;2093;x
PROV2094;2094;x
PROV2095;2095;x
PROV2096;2096;x
PROV2097;2097;x
PROV2098;2098;x
PROV2099;2099;x
PROV2100;2100;x
PROV2101;2101;x
PROV2102;2102;x
PROV2103;2103;x
PROV2104;2104;x
PROV2105;2105;x
PROV2106;2106;x
PROV2107;2107;x
PROV2108;2108;x
PROV2109;2109;x
PROV2110;2110;x
PROV2111;2111;x
PROV2112;2112;x
PROV2113;2113;x
PROV2114;2114;x
PROV2115;2115;x
PROV2116;2116;x
PROV2117;2117;x
PROV2118;2118;x
PROV2119;2119;x
PROV2120;2120;x
PROV2121;2121;x
PROV2122;2122;x
PROV2123;2123;x
PROV2124;2124;x
PROV2125;2125;x
PROV2126;2126;x
PROV2127;2127;x
PROV2128;2128;x
PROV2129;2129;x
PROV2130;2130;x
PROV2131;2131;x
PROV2132;2132;x
PROV2133;2133;x
PROV2134;2134;x
PROV2135;2135;x
PROV2136;2136;x
PROV2137;2137;x
PROV2138;2138;x
PROV2139;2139;x
PROV2140;2140;x
PROV2141;2141;x
PROV2142;2142;x
PROV2143;2143;x
PROV2144;2144;x
PROV2145;2145;x
PROV2146;2146;x
PROV2147;2147;x
PROV2148;2148;x
PROV2149;2149;x
PROV2150;2150;x
PROV2151;2151;x
PROV2152;2152;x
PROV2153;2153;x
PROV2154;2154;x
PROV2155;2155;x
PROV2156;2156;x
PROV2157;2157;x
PROV2158;2158;x
PROV2159;2159;x
PROV2160;2160;x
PROV2161;2161;x
PROV2162;2162;x
PROV2163;2163;x
PROV2164;2164;x
PROV2165;2165;x
PROV2166;2166;x
PROV2167;2167;x
PROV2168;2168;x
PROV2169;2169;x
PROV2170;2170;x
PROV2171;2171;x
PROV2172;2172;x
PROV2173;2173;x
PROV2174;2174;x
PROV2175;2175;x
PROV2176;2176;x
PROV2177;2177;x
PROV2178;2178;x
PROV2179;2179;x
PROV2180;2180;x
PROV2181;2181;x
PROV2182;2182;x
PROV2183;2183;x
PROV2184;2184;x
PROV2185;2185;x
PROV2186;2186;x
PROV2187;2187;x
PROV2188;2188;x
PROV2189;2189;x
PROV2190;2190;x
PROV2191;2191;x
PROV2192;2192;x
PROV2193;2193;x
PROV2194;2194;x
PROV2195;2195;x
PROV2196;2196;x
PROV2197;2197;x
PROV2198;2198;x
PROV2199;2199;x
PROV2200;2200;x
PROV2201;2201;x
PROV2202;2202;x
PROV2203;2203;x
PROV2204;2204;x
PROV2205;2205;x
PROV2206;2206;x
PROV2207;2207;x
PROV2208;2208;x
PROV2209;2209;x
PROV2210;2210;x
PROV2211;2211;x
PROV2212;2212;x
PROV2213;2213;x
PROV2214;2214;x
PROV2215;2215;x
PROV2216;2216;x
PROV2217;2217;x
PROV2218;2218;x
PROV2219;2219;x
PROV2220;2220;x
PROV2221;2221;x
PROV2222;2222;x
PROV2223;2223;x
PROV2224;2224;x
PROV2225;2225;x
PROV2226;2226;x
PROV2227;2227;x
PROV2228;2228;x
PROV2229;2229;x
PROV2230;2230;x
PROV2231;2231;x
PROV2232;2232;x
PROV2233;2233;x
PROV2234;2234;x
PROV2235;2235;x
PROV2236;2236;x
PROV2237;2237;x
PROV2238;2238;x
PROV2239;2239;x
PROV2240;2240;x
PROV2241;2241;x
PROV2242;2242;x
PROV2243;2243;x
PROV2244;2244;x
PROV2245;2245;x
PROV2246;2246;x
PROV2247;2247;x
PROV2248;2248;x
PROV2249;2249;x
PROV2250;2250;x
PROV2251;2251;x
PROV2252;2252;x
PROV2253;2253;x
PROV2254;2254;x
PROV2255;2255;x
PROV2256;2256;x
PROV2257;2257;x
PROV2258;2258;x
PROV2259;2259;x
PROV2260;2260;x
PROV2261;2261;x
PROV2262;2262;x
PROV2263;2263;x
PROV2264;2264;x
PROV2265;2265;x
PROV2266;2266;x
PROV2267;2267;x
PROV2268;2268;x
PROV2269;2269;x
PROV2270;2270;x
PROV2271;2271;x
PROV2272;2272;x
PROV2273;2273;x
PROV2274;2274;x
PROV2275;2275;x
PROV2276;2276;x
PROV2277;2277;x
PROV2278;2278;x
PROV2279;2279;x
PROV2280;2280;x
PROV2281;2281;x
PROV2282;2282;x
PROV2283;2283;x
PROV2284;2284;x
PROV2285;2285;x
PROV2286;2286;x
PROV2287;2287;x
PROV2288;2288;x
PROV2289;2289;x
PROV2290;2290;x
PROV2291;2291;x
PROV2292;2292;x
PROV2293;2293;x
PROV2294;2294;x
PROV2295;2295;x
PROV2296;2296;x
PROV2297;2297;x
PROV2298;2298;x
PROV2299;2299;x
PROV2300;2300;x
PROV2301;2301;x
PROV2302;2302;x
PROV2303;2303;x
PROV2304;2304;x
PROV2305;2305;x
PROV2306;2306;x
PROV2307;2307;x
PROV2308;2308;x
PROV2309;2309;x
PROV2310;2310;x
PROV2311;2311;x
PROV2312;2312;x
PROV2313;2313;x
PROV2314;2314;x
PROV2315;2315;x
PROV2316;2316;x
PROV2317;2317;x
PROV2318;2318;x
PROV2319;2319;x
PROV2320;2320;x
PROV2321;2321;x
PROV2322;2322;x
PROV2323;2323;x
PROV2324;2324;x
PROV2325;2325;x
PROV2326;2326;x
PROV2327;2327;x
PROV2328;2328;x
PROV2329;2329;x
PROV2330;2330;x
PROV2331;2331;x
PROV2332;2332;x
PROV2333;2333;x
PROV2334;2334;x
PROV2335;2335;x
PROV2336;2336;x
PROV2337;2337;x
PROV2338;2338;x
PROV2339;2339;x
PROV2340;2340;x
PROV2341;2341;x
PROV2342;2342;x
PROV2343;2343;x
PROV2344;2344;x
PROV2345;2345;x
PROV2346;2346;x
PROV2347;2347;x
PROV2348;2348;x
PROV2349;2349;x
PROV2350;2350;x
PROV2351;2351;x
PROV2352;2352;x
PROV2353;2353;x
PROV2354;2354;x
