province;red;green;blue;x;x
1;13;13;255; ;x
2;53;23;255; ;x
3;10;10;255; ;x
4;73;33;255; ;x
5;40;20;255; ;x
6;198;135;7; ;x
7;60;20;255; ;x
8;79;147;75; ;x
9;44;124;250; ;x
10;70;168;189; ;x
11;80;20;255; ;x
12;165;246;196; ;x
13;153;164;208; ;x
14;159;79;253; ;x
15;112;110;128; ;x
16;248;150;35; ;x
17;62;189;111; ;x
18;167;48;210; ;x
19;144;237;15; ;x
20;193;126;55; ;x
21;46;163;236; ;x
22;164;232;198; ;x
23;196;66;13; ;x
24;76;200;74; ;x
25;195;102;23; ;x
26;100;20;255; ;x
27;64;86;200; ;x
28;151;52;119; ;x
29;143;79;1; ;x
30;147;193;205; ;x
31;227;75;180; ;x
32;58;150;173; ;x
33;56;132;191; ;x
34;70;128;177; ;x
35;69;34;107; ;x
36;72;72;30; ;x
37;40;241;224; ;x
38;100;100;254; ;x
39;40;40;255; ;x
40;231;62;240; ;x
41;59;152;189; ;x
42;57;208;245; ;x
43;63;179;109; ;x
44;160;64;35; ;x
45;38;150;80; ;x
46;210;74;163; ;x
47;228;120;187; ;x
48;75;75;222; ;x
49;213;173;91; ;x
50;59;246;200; ;x
51;112;138;25; ;x
52;137;87;180; ;x
53;239;201;150; ;x
54;73;43;255; ;x
55;23;13;255; ;x
56;63;23;255; ;x
57;58;237;36; ;x
58;179;223;101; ;x
59;206;146;45; ;x
60;155;204;95; ;x
61;120;20;255; ;x
62;163;33;90; ;x
63;60;40;255; ;x
64;58;38;61; ;x
65;140;20;255; ;x
66;152;57;51; ;x
67;185;36;66; ;x
68;163;236;37; ;x
69;181;140;42; ;x
70;162;166;78; ;x
71;53;36;40; ;x
72;160;20;255; ;x
73;184;133;130; ;x
74;121;124;250; ;x
75;181;40;100; ;x
76;64;77;98; ;x
77;220;20;255; ;x
78;52;134;224; ;x
79;224;202;129; ;x
80;55;36;88; ;x
81;81;98;166; ;x
82;113;203;211; ;x
83;203;36;17; ;x
84;191;226;249; ;x
85;199;56;73; ;x
86;136;226;10; ;x
87;73;117;8; ;x
88;86;97;148; ;x
89;121;135;7; ;x
90;175;237;254; ;x
91;159;96;205; ;x
92;174;133;104; ;x
93;160;105;253; ;x
94;180;20;255; ;x
95;190;64;161; ;x
96;120;222;16; ;x
97;51;177;107; ;x
98;84;131;38; ;x
99;94;94;110; ;x
100;44;47;248; ;x
101;80;101;100; ;x
102;194;173;95; ;x
103;80;40;255; ;x
104;103;223;36; ;x
105;136;221;193; ;x
106;84;195;92; ;x
107;200;20;255; ;x
108;240;20;255; ;x
109;113;161;56; ;x
110;221;133;50; ;x
111;86;57;131; ;x
112;216;117;204; ;x
113;225;144;154; ;x
114;99;147;212; ;x
115;99;165;142; ;x
116;20;10;255; ;x
117;79;223;238; ;x
118;118;65;188; ;x
119;199;212;203; ;x
120;51;40;175; ;x
121;72;164;182; ;x
122;230;233;246; ;x
123;180;154;110; ;x
124;144;166;140; ;x
125;62;235;180; ;x
126;92;43;63; ;x
127;97;188;0; ;x
128;203;245;178; ;x
129;117;212;106; ;x
130;156;76;164; ;x
131;70;69;221; ;x
132;195;97;57; ;x
133;195;90;55; ;x
134;180;76;205; ;x
135;139;213;183; ;x
136;100;40;255; ;x
137;194;105;11; ;x
138;56;169;16; ;x
139;116;87;123; ;x
140;87;78;127; ;x
141;71;214;122; ;x
142;180;54;244; ;x
143;252;104;155; ;x
144;192;203;141; ;x
145;205;170;144; ;x
146;34;226;74; ;x
147;105;127;60; ;x
148;191;203;176; ;x
149;79;100;83; ;x
150;224;37;245; ;x
151;211;191;225; ;x
152;231;167;32; ;x
153;249;107;2; ;x
154;238;237;120; ;x
155;20;40;255; ;x
156;120;40;255; ;x
157;253;180;152; ;x
158;55;204;134; ;x
159;216;234;142; ;x
160;154;51;145; ;x
161;246;215;45; ;x
162;35;83;144; ;x
163;126;115;107; ;x
164;208;251;151; ;x
165;249;126;194; ;x
166;140;40;255; ;x
167;165;44;4; ;x
168;232;33;139; ;x
169;70;47;245; ;x
170;182;209;177; ;x
171;212;58;139; ;x
172;90;215;253; ;x
173;171;194;59; ;x
174;205;145;180; ;x
175;236;66;76; ;x
176;71;238;104; ;x
177;96;46;153; ;x
178;245;184;235; ;x
179;215;126;57; ;x
180;143;131;71; ;x
181;177;90;92; ;x
182;227;43;12; ;x
183;225;220;235; ;x
184;139;151;234; ;x
185;171;145;75; ;x
186;232;145;155; ;x
187;118;155;37; ;x
188;238;234;49; ;x
189;42;139;219; ;x
190;180;40;255; ;x
191;168;69;16; ;x
192;56;116;62; ;x
193;91;127;196; ;x
194;117;47;143; ;x
195;245;61;243; ;x
196;44;24;245; ;x
197;177;196;203; ;x
198;34;77;90; ;x
199;216;43;14; ;x
200;164;218;32; ;x
201;173;227;20; ;x
202;130;112;241; ;x
203;244;107;237; ;x
204;80;46;38; ;x
205;136;92;185; ;x
206;204;43;98; ;x
207;162;157;95; ;x
208;172;199;43; ;x
209;196;189;38; ;x
210;83;179;246; ;x
211;44;24;145; ;x
212;102;79;38; ;x
213;92;154;193; ;x
214;38;188;232; ;x
215;222;50;4; ;x
216;141;195;68; ;x
217;64;58;21; ;x
218;53;60;26; ;x
219;175;118;220; ;x
220;140;205;126; ;x
221;210;126;229; ;x
222;243;177;30; ;x
223;246;161;161; ;x
224;169;206;93; ;x
225;160;40;255; ;x
226;93;47;10; ;x
227;111;176;141; ;x
228;251;172;228; ;x
229;200;40;255; ;x
230;136;104;247; ;x
231;125;96;204; ;x
232;82;94;238; ;x
233;62;138;121; ;x
234;233;213;173; ;x
235;84;35;35; ;x
236;215;227;14; ;x
237;33;13;255; ;x
238;73;23;255; ;x
239;217;143;118; ;x
240;207;90;67; ;x
241;122;129;190; ;x
242;122;61;240; ;x
243;102;195;62; ;x
244;137;247;224; ;x
245;221;57;208; ;x
246;145;213;146; ;x
247;250;35;167; ;x
248;168;179;6; ;x
249;224;55;34; ;x
250;121;248;24; ;x
251;94;229;36; ;x
252;146;75;73; ;x
253;112;87;34; ;x
254;252;114;42; ;x
255;47;135;69; ;x
256;67;142;20; ;x
257;87;169;108; ;x
258;197;207;138; ;x
259;62;40;214; ;x
260;101;233;139; ;x
261;142;196;230; ;x
262;141;155;178; ;x
263;183;221;209; ;x
264;152;194;179; ;x
265;96;48;32; ;x
266;98;126;44; ;x
267;253;154;141; ;x
268;227;148;112; ;x
269;177;209;17; ;x
270;246;55;99; ;x
271;51;41;200; ;x
272;79;141;203; ;x
273;220;40;255; ;x
274;115;139;195; ;x
275;95;168;192; ;x
276;222;149;1; ;x
277;121;186;7; ;x
278;162;195;47; ;x
279;158;85;170; ;x
280;84;65;174; ;x
281;93;59;79; ;x
282;44;165;227; ;x
283;102;77;207; ;x
284;11;148;172; ;x
285;87;210;105; ;x
286;195;49;11; ;x
287;128;147;153; ;x
288;59;82;220; ;x
289;92;141;74; ;x
290;39;138;239; ;x
291;36;232;5; ;x
292;224;160;45; ;x
293;134;202;183; ;x
294;247;100;62; ;x
295;248;128;135; ;x
296;205;222;163; ;x
297;210;111;254; ;x
298;156;145;76; ;x
299;44;24;45; ;x
300;231;202;19; ;x
301;43;176;240; ;x
302;195;195;220; ;x
303;77;46;40; ;x
304;56;61;107; ;x
305;191;128;212; ;x
306;183;248;87; ;x
307;43;217;171; ;x
308;199;108;88; ;x
309;175;156;172; ;x
310;161;170;60; ;x
311;249;223;33; ;x
312;107;58;253; ;x
313;44;211;226; ;x
314;151;91;176; ;x
315;108;149;239; ;x
316;150;118;102; ;x
317;196;143;184; ;x
318;121;121;10; ;x
319;155;41;71; ;x
320;215;64;254; ;x
321;83;2;45; ;x
322;130;68;83; ;x
323;99;93;114; ;x
324;123;214;237; ;x
325;49;245;139; ;x
326;187;220;77; ;x
327;60;141;109; ;x
328;54;84;111; ;x
329;137;222;218; ;x
330;77;137;91; ;x
331;173;80;110; ;x
332;111;94;247; ;x
333;121;183;33; ;x
334;235;118;17; ;x
335;89;84;17; ;x
336;182;126;6; ;x
337;35;170;72; ;x
338;49;123;72; ;x
339;245;149;38; ;x
340;109;217;247; ;x
341;180;130;189; ;x
342;145;183;89; ;x
343;141;35;1; ;x
344;78;47;243; ;x
345;160;182;199; ;x
346;133;38;5; ;x
347;101;45;166; ;x
348;174;93;20; ;x
349;65;223;168; ;x
350;175;102;212; ;x
351;101;230;87; ;x
352;188;236;152; ;x
353;246;221;166; ;x
354;246;102;134; ;x
355;222;85;168; ;x
356;235;123;209; ;x
357;61;50;99; ;x
358;247;230;124; ;x
359;76;137;182; ;x
360;20;60;255; ;x
361;191;101;54; ;x
362;253;215;113; ;x
363;198;93;45; ;x
364;166;149;209; ;x
365;240;82;123; ;x
366;78;227;22; ;x
367;182;177;108; ;x
368;147;169;140; ;x
369;219;108;149; ;x
370;205;236;62; ;x
371;43;172;109; ;x
372;226;146;78; ;x
373;250;107;249; ;x
374;84;104;102; ;x
375;218;173;211; ;x
376;36;238;137; ;x
377;84;183;54; ;x
378;240;40;255; ;x
379;99;86;19; ;x
380;252;224;99; ;x
381;191;114;151; ;x
382;162;208;160; ;x
383;253;41;187; ;x
384;133;190;246; ;x
385;53;79;2; ;x
386;177;41;108; ;x
387;42;193;168; ;x
388;218;120;96; ;x
389;53;45;178; ;x
390;254;199;103; ;x
391;39;190;4; ;x
392;245;245;144; ;x
393;211;209;2; ;x
394;185;49;137; ;x
395;142;233;190; ;x
396;149;84;194; ;x
397;76;128;51; ;x
398;40;144;186; ;x
399;36;173;172; ;x
400;57;41;250; ;x
401;227;195;122; ;x
402;34;195;254; ;x
403;56;235;195; ;x
404;140;177;81; ;x
405;186;216;170; ;x
406;46;45;64; ;x
407;74;92;8; ;x
408;194;124;55; ;x
409;87;191;242; ;x
410;235;58;37; ;x
411;78;54;4; ;x
412;221;138;26; ;x
413;159;55;137; ;x
414;128;144;21; ;x
415;239;60;242; ;x
416;143;119;235; ;x
417;92;205;147; ;x
418;182;182;147; ;x
419;69;195;227; ;x
420;149;246;185; ;x
421;249;168;66; ;x
422;242;80;72; ;x
423;254;157;85; ;x
424;98;104;38; ;x
425;66;238;95; ;x
426;172;201;7; ;x
427;142;113;248; ;x
428;64;157;179; ;x
429;115;71;35; ;x
430;241;126;89; ;x
431;69;77;200; ;x
432;87;74;195; ;x
433;246;110;152; ;x
434;79;217;58; ;x
435;172;97;56; ;x
436;124;50;86; ;x
437;241;107;35; ;x
438;145;154;79; ;x
439;184;80;246; ;x
440;221;179;74; ;x
441;142;130;57; ;x
442;211;147;207; ;x
443;133;183;34; ;x
444;199;222;22; ;x
445;89;37;187; ;x
446;116;150;110; ;x
447;251;93;250; ;x
448;191;51;14; ;x
449;89;88;118; ;x
450;220;246;141; ;x
451;237;134;179; ;x
452;51;215;208; ;x
453;40;60;255; ;x
454;144;247;157; ;x
455;245;126;222; ;x
456;55;235;143; ;x
457;199;49;58; ;x
458;79;105;240; ;x
459;192;47;208; ;x
460;83;68;92; ;x
461;217;46;44; ;x
462;128;74;148; ;x
463;202;134;41; ;x
464;236;212;109; ;x
465;40;149;186; ;x
466;144;147;129; ;x
467;215;155;11; ;x
468;254;164;84; ;x
469;125;104;81; ;x
470;154;143;18; ;x
471;197;139;177; ;x
472;42;230;174; ;x
473;117;223;114; ;x
474;56;153;193; ;x
475;119;56;249; ;x
476;253;189;159; ;x
477;107;82;55; ;x
478;156;114;56; ;x
479;54;121;83; ;x
480;37;34;203; ;x
481;172;242;130; ;x
482;176;172;175; ;x
483;249;243;103; ;x
484;46;71;167; ;x
485;60;60;255; ;x
486;54;78;95; ;x
487;240;216;48; ;x
488;243;85;235; ;x
489;90;177;208; ;x
490;100;127;127; ;x
491;87;120;85; ;x
492;220;221;14; ;x
493;41;207;189; ;x
494;67;202;251; ;x
495;132;191;7; ;x
496;100;167;204; ;x
497;194;173;238; ;x
498;48;240;166; ;x
499;249;190;72; ;x
500;66;116;189; ;x
501;217;113;225; ;x
502;216;163;45; ;x
503;231;234;231; ;x
504;169;93;206; ;x
505;174;136;8; ;x
506;187;68;141; ;x
507;123;148;184; ;x
508;188;57;161; ;x
509;251;189;214; ;x
510;114;238;94; ;x
511;187;141;18; ;x
512;207;169;100; ;x
513;92;108;93; ;x
514;230;197;174; ;x
515;86;181;137; ;x
516;77;57;46; ;x
517;43;13;255; ;x
518;67;131;137; ;x
519;185;187;172; ;x
520;126;80;127; ;x
521;49;211;126; ;x
522;95;226;69; ;x
523;90;248;36; ;x
524;106;33;169; ;x
525;85;129;19; ;x
526;229;45;71; ;x
527;232;174;163; ;x
528;208;74;227; ;x
529;149;139;108; ;x
530;104;36;35; ;x
531;59;34;108; ;x
532;106;58;252; ;x
533;220;172;237; ;x
534;254;64;90; ;x
535;144;211;123; ;x
536;129;139;248; ;x
537;237;189;180; ;x
538;59;223;69; ;x
539;60;190;204; ;x
540;101;64;137; ;x
541;185;254;162; ;x
542;93;243;251; ;x
543;37;111;35; ;x
544;198;248;156; ;x
545;134;240;200; ;x
546;166;184;167; ;x
547;42;206;76; ;x
548;77;189;211; ;x
549;199;192;31; ;x
550;41;79;142; ;x
551;254;94;177; ;x
552;166;60;136; ;x
553;93;39;75; ;x
554;233;155;62; ;x
555;80;60;255; ;x
556;51;96;51; ;x
557;236;176;211; ;x
558;169;108;54; ;x
559;193;72;204; ;x
560;196;226;31; ;x
561;236;173;187; ;x
562;213;98;132; ;x
563;224;77;45; ;x
564;120;189;90; ;x
565;114;87;116; ;x
566;184;192;39; ;x
567;212;237;90; ;x
568;233;148;109; ;x
569;80;185;160; ;x
570;43;65;61; ;x
571;32;167;188; ;x
572;175;88;151; ;x
573;6;162;27; ;x
574;125;184;52; ;x
575;155;128;126; ;x
576;48;247;51; ;x
577;135;155;57; ;x
578;247;161;18; ;x
579;80;157;252; ;x
580;178;248;231; ;x
581;73;142;130; ;x
582;120;61;138; ;x
583;219;55;3; ;x
584;143;178;185; ;x
585;196;162;212; ;x
586;182;56;227; ;x
587;4;161;61; ;x
588;78;82;68; ;x
589;145;110;206; ;x
590;44;161;227; ;x
591;140;44;54; ;x
592;143;39;97; ;x
593;169;211;228; ;x
594;134;172;219; ;x
595;189;175;129; ;x
596;200;119;192; ;x
597;129;250;11; ;x
598;131;167;82; ;x
599;213;218;144; ;x
600;96;127;208; ;x
601;175;117;131; ;x
602;249;198;193; ;x
603;131;45;7; ;x
604;124;167;177; ;x
605;207;226;4; ;x
606;247;35;85; ;x
607;121;35;142; ;x
608;244;157;204; ;x
609;160;204;117; ;x
610;237;199;56; ;x
611;111;79;34; ;x
612;99;67;157; ;x
613;161;245;229; ;x
614;63;208;36; ;x
615;181;213;171; ;x
616;231;164;96; ;x
617;147;199;189; ;x
618;87;224;214; ;x
619;120;125;26; ;x
620;178;183;185; ;x
621;114;104;218; ;x
622;202;155;90; ;x
623;91;95;216; ;x
624;160;24;157; ;x
625;239;218;229; ;x
626;136;185;223; ;x
627;123;59;166; ;x
628;211;253;122; ;x
629;188;90;2; ;x
630;111;152;167; ;x
631;199;133;120; ;x
632;201;61;37; ;x
633;86;104;127; ;x
634;159;174;234; ;x
635;34;145;189; ;x
636;140;58;129; ;x
637;158;173;105; ;x
638;65;109;254; ;x
639;40;232;181; ;x
640;234;111;232; ;x
641;211;83;186; ;x
642;70;57;219; ;x
643;50;35;251; ;x
644;18;225;94; ;x
645;100;60;255; ;x
646;68;188;108; ;x
647;13;118;141; ;x
648;247;164;18; ;x
649;157;57;103; ;x
650;214;48;121; ;x
651;177;200;140; ;x
652;177;63;137; ;x
653;102;189;113; ;x
654;35;215;21; ;x
655;214;107;137; ;x
656;198;182;102; ;x
657;253;98;212; ;x
658;90;48;120; ;x
659;248;231;31; ;x
660;117;62;88; ;x
661;241;84;13; ;x
662;243;134;119; ;x
663;96;214;131; ;x
664;131;211;175; ;x
665;58;251;106; ;x
666;160;128;5; ;x
667;39;187;236; ;x
668;227;219;230; ;x
669;218;170;27; ;x
670;71;56;53; ;x
671;155;208;208; ;x
672;87;45;123; ;x
673;108;121;191; ;x
674;97;106;190; ;x
675;65;89;123; ;x
676;180;118;26; ;x
677;72;90;134; ;x
678;72;159;86; ;x
679;114;65;217; ;x
680;211;107;102; ;x
681;145;165;208; ;x
682;41;66;4; ;x
683;50;85;86; ;x
684;203;55;97; ;x
685;90;49;7; ;x
686;225;170;119; ;x
687;103;146;60; ;x
688;46;181;228; ;x
689;100;145;123; ;x
690;216;199;15; ;x
691;215;53;56; ;x
692;100;112;4; ;x
693;167;206;111; ;x
694;60;150;151; ;x
695;207;118;188; ;x
696;61;222;11; ;x
697;108;67;192; ;x
698;209;231;233; ;x
699;169;149;94; ;x
700;108;154;191; ;x
701;159;164;142; ;x
702;73;180;99; ;x
703;144;188;189; ;x
704;192;93;209; ;x
705;47;251;59; ;x
706;142;243;192; ;x
707;91;89;118; ;x
708;247;56;108; ;x
709;230;79;110; ;x
710;40;37;93; ;x
711;223;151;109; ;x
712;193;113;160; ;x
713;59;159;181; ;x
714;97;12;33; ;x
715;42;161;252; ;x
716;196;38;124; ;x
717;171;249;193; ;x
718;7;170;196; ;x
719;170;183;150; ;x
720;221;166;90; ;x
721;111;226;118; ;x
722;60;33;101; ;x
723;43;228;99; ;x
724;198;239;236; ;x
725;117;68;140; ;x
726;192;127;75; ;x
727;175;112;252; ;x
728;242;197;28; ;x
729;105;244;161; ;x
730;190;102;231; ;x
731;134;213;55; ;x
732;214;219;187; ;x
733;119;195;212; ;x
734;238;44;20; ;x
735;68;159;170; ;x
736;197;242;179; ;x
737;88;66;189; ;x
738;76;215;145; ;x
739;148;35;83; ;x
740;87;149;247; ;x
741;140;121;107; ;x
742;240;116;174; ;x
743;194;171;222; ;x
744;120;72;138; ;x
745;130;95;92; ;x
746;160;54;229; ;x
747;206;173;2; ;x
748;25;137;30; ;x
749;124;62;41; ;x
750;186;35;76; ;x
751;183;128;54; ;x
752;120;60;255; ;x
753;71;66;145; ;x
754;224;204;242; ;x
755;147;151;73; ;x
756;124;91;188; ;x
757;152;134;208; ;x
758;39;119;183; ;x
759;98;197;222; ;x
760;62;95;138; ;x
761;50;164;15; ;x
762;145;230;18; ;x
763;149;113;195; ;x
764;154;205;77; ;x
765;236;213;189; ;x
766;185;111;38; ;x
767;129;149;126; ;x
768;67;72;83; ;x
769;98;175;108; ;x
770;225;95;140; ;x
771;249;122;212; ;x
772;44;66;245; ;x
773;91;221;49; ;x
774;216;127;29; ;x
775;43;105;111; ;x
776;91;155;110; ;x
777;78;251;181; ;x
778;137;217;56; ;x
779;57;144;93; ;x
780;241;175;0; ;x
781;219;37;105; ;x
782;209;110;107; ;x
783;56;235;146; ;x
784;214;166;80; ;x
785;99;92;96; ;x
786;84;108;208; ;x
787;170;239;33; ;x
788;89;79;38; ;x
789;193;174;63; ;x
790;177;17;54; ;x
791;251;180;230; ;x
792;73;53;255; ;x
793;77;212;237; ;x
794;54;179;140; ;x
795;41;97;193; ;x
796;190;177;154; ;x
797;202;89;89; ;x
798;141;132;98; ;x
799;76;69;130; ;x
800;160;34;126; ;x
801;205;191;66; ;x
802;78;100;239; ;x
803;242;47;153; ;x
804;77;141;188; ;x
805;85;59;164; ;x
806;36;66;29; ;x
807;168;180;145; ;x
808;46;136;137; ;x
809;176;50;36; ;x
810;194;161;210; ;x
811;217;99;223; ;x
812;39;224;165; ;x
813;239;67;55; ;x
814;109;95;105; ;x
815;240;80;255; ;x
816;64;112;26; ;x
817;39;47;144; ;x
818;108;186;254; ;x
819;188;161;136; ;x
820;201;135;222; ;x
821;154;73;89; ;x
822;131;67;53; ;x
823;87;216;132; ;x
824;73;49;82; ;x
825;217;234;127; ;x
826;101;39;221; ;x
827;125;166;22; ;x
828;202;210;205; ;x
829;234;104;90; ;x
830;190;253;250; ;x
831;111;182;204; ;x
832;149;170;177; ;x
833;39;81;248; ;x
834;134;118;174; ;x
835;35;93;122; ;x
836;170;70;133; ;x
837;152;40;125; ;x
838;164;97;144; ;x
839;186;69;11; ;x
840;211;117;82; ;x
841;178;98;26; ;x
842;36;238;221; ;x
843;71;33;252; ;x
844;177;181;246; ;x
845;176;129;238; ;x
846;102;207;48; ;x
847;57;41;89; ;x
848;234;110;123; ;x
849;195;239;110; ;x
850;200;80;255; ;x
851;199;179;105; ;x
852;170;235;98; ;x
853;36;207;101; ;x
854;180;10;255; ;x
855;235;66;7; ;x
856;149;77;197; ;x
857;133;116;230; ;x
858;37;47;33; ;x
859;104;247;1; ;x
860;81;166;108; ;x
861;60;186;23; ;x
862;197;56;20; ;x
863;113;82;171; ;x
864;66;84;167; ;x
865;51;48;102; ;x
866;114;220;208; ;x
867;240;109;131; ;x
868;221;254;16; ;x
869;163;90;203; ;x
870;160;10;255; ;x
871;80;10;255; ;x
872;50;190;39; ;x
873;120;92;6; ;x
874;143;89;69; ;x
875;107;113;34; ;x
876;208;86;155; ;x
877;125;183;111; ;x
878;100;10;255; ;x
879;140;10;255; ;x
880;207;136;110; ;x
881;246;69;26; ;x
882;116;40;188; ;x
883;91;134;7; ;x
884;211;149;172; ;x
885;112;53;201; ;x
886;153;186;183; ;x
887;53;146;112; ;x
888;197;62;225; ;x
889;50;106;121; ;x
890;114;194;226; ;x
891;95;35;17; ;x
892;208;202;107; ;x
893;49;34;171; ;x
894;204;166;251; ;x
895;37;45;195; ;x
896;241;201;171; ;x
897;165;153;105; ;x
898;181;111;91; ;x
899;74;234;236; ;x
900;122;97;7; ;x
901;141;62;75; ;x
902;220;127;24; ;x
903;110;212;179; ;x
904;223;65;4; ;x
905;216;154;152; ;x
906;72;158;39; ;x
907;200;214;121; ;x
908;60;55;108; ;x
909;214;199;168; ;x
910;200;10;255; ;x
911;142;239;143; ;x
912;64;44;177; ;x
913;159;38;165; ;x
914;236;100;236; ;x
915;76;110;99; ;x
916;40;10;255; ;x
917;127;223;54; ;x
918;214;139;77; ;x
919;225;204;222; ;x
920;133;140;222; ;x
921;120;10;255; ;x
922;166;243;155; ;x
923;243;241;19; ;x
924;235;207;175; ;x
925;249;108;155; ;x
926;227;224;76; ;x
927;184;44;99; ;x
928;234;75;133; ;x
929;208;34;115; ;x
930;176;137;22; ;x
931;211;147;177; ;x
932;220;36;195; ;x
933;238;94;246; ;x
934;218;193;119; ;x
935;141;49;82; ;x
936;242;243;165; ;x
937;100;60;245; ;x
938;200;130;18; ;x
939;164;251;249; ;x
940;220;10;255; ;x
941;68;247;184; ;x
942;104;181;169; ;x
943;75;91;131; ;x
944;37;139;194; ;x
945;226;247;162; ;x
946;189;113;90; ;x
947;33;168;230; ;x
948;97;175;15; ;x
949;147;36;122; ;x
950;37;162;118; ;x
951;63;149;223; ;x
952;113;241;8; ;x
953;153;176;143; ;x
954;119;60;49; ;x
955;170;78;163; ;x
956;160;80;255; ;x
957;72;232;80; ;x
958;90;163;142; ;x
959;173;35;244; ;x
960;89;205;76; ;x
961;138;201;40; ;x
962;195;216;245; ;x
963;78;157;233; ;x
964;212;139;238; ;x
965;120;87;230; ;x
966;220;80;255; ;x
967;70;83;17; ;x
968;186;162;74; ;x
969;113;115;236; ;x
970;232;52;219; ;x
971;80;173;204; ;x
972;175;109;158; ;x
973;179;130;91; ;x
974;212;147;229; ;x
975;137;223;1; ;x
976;229;252;116; ;x
977;63;166;227; ;x
978;91;245;21; ;x
979;114;38;79; ;x
980;240;10;255; ;x
981;249;209;4; ;x
982;166;151;82; ;x
983;72;199;88; ;x
984;74;39;21; ;x
985;113;250;202; ;x
986;142;172;196; ;x
987;136;231;24; ;x
988;251;131;177; ;x
989;76;96;144; ;x
990;248;44;213; ;x
991;128;109;248; ;x
992;140;60;255; ;x
993;127;43;98; ;x
994;113;168;83; ;x
995;227;68;11; ;x
996;194;250;185; ;x
997;213;228;146; ;x
998;128;111;110; ;x
999;97;249;61; ;x
1000;69;74;244; ;x
1001;187;174;158; ;x
1002;213;154;126; ;x
1003;137;60;241; ;x
1004;153;69;236; ;x
1005;212;224;190; ;x
1006;66;187;164; ;x
1007;251;153;98; ;x
1008;161;107;102; ;x
1009;220;130;32; ;x
1010;193;87;230; ;x
1011;149;142;5; ;x
1012;69;250;181; ;x
1013;247;76;241; ;x
1014;50;219;61; ;x
1015;54;125;188; ;x
1016;178;109;107; ;x
1017;44;221;94; ;x
1018;71;214;229; ;x
1019;61;45;53; ;x
1020;88;91;215; ;x
1021;87;140;224; ;x
1022;36;170;6; ;x
1023;227;215;113; ;x
1024;116;162;0; ;x
1025;229;243;130; ;x
1026;136;71;182; ;x
1027;141;51;210; ;x
1028;124;130;89; ;x
1029;233;128;227; ;x
1030;94;143;74; ;x
1031;217;234;161; ;x
1032;253;53;185; ;x
1033;217;39;244; ;x
1034;182;216;50; ;x
1035;182;236;40; ;x
1036;182;36;203; ;x
1037;85;170;108; ;x
1038;238;36;206; ;x
1039;45;240;82; ;x
1040;77;143;3; ;x
1041;161;149;224; ;x
1042;180;80;255; ;x
1043;199;165;83; ;x
1044;192;73;254; ;x
1045;206;240;80; ;x
1046;110;196;160; ;x
1047;163;156;34; ;x
1048;177;155;185; ;x
1049;196;163;75; ;x
1050;195;163;124; ;x
1051;42;245;27; ;x
1052;188;39;40; ;x
1053;57;65;132; ;x
1054;51;237;96; ;x
1055;73;60;164; ;x
1056;222;232;216; ;x
1057;221;146;160; ;x
1058;39;127;228; ;x
1059;148;253;222; ;x
1060;60;168;13; ;x
1061;221;223;199; ;x
1062;163;190;164; ;x
1063;155;184;132; ;x
1064;143;252;223; ;x
1065;224;194;3; ;x
1066;226;55;87; ;x
1067;166;84;167; ;x
1068;51;41;128; ;x
1069;20;30;255; ;x
1070;224;98;170; ;x
1071;195;186;41; ;x
1072;246;219;138; ;x
1073;34;145;59; ;x
1074;104;73;200; ;x
1075;80;250;115; ;x
1076;87;219;203; ;x
1077;153;109;246; ;x
1078;95;67;94; ;x
1079;77;230;157; ;x
1080;145;193;192; ;x
1081;145;246;171; ;x
1082;122;55;28; ;x
1083;109;214;13; ;x
1084;181;42;148; ;x
1085;217;56;150; ;x
1086;100;50;255; ;x
1087;157;231;238; ;x
1088;224;240;10; ;x
1089;105;88;35; ;x
1090;149;94;76; ;x
1091;126;99;184; ;x
1092;181;205;36; ;x
1093;237;103;42; ;x
1094;194;196;122; ;x
1095;88;74;192; ;x
1096;93;33;90; ;x
1097;250;41;133; ;x
1098;64;192;69; ;x
1099;105;147;6; ;x
1100;120;88;177; ;x
1101;158;214;136; ;x
1102;216;111;104; ;x
1103;106;207;242; ;x
1104;46;90;154; ;x
1105;102;113;44; ;x
1106;60;10;255; ;x
1107;157;69;99; ;x
1108;99;198;189; ;x
1109;58;159;79; ;x
1110;89;44;83; ;x
1111;207;173;168; ;x
1112;140;212;131; ;x
1113;159;124;185; ;x
1114;191;148;201; ;x
1115;80;50;255; ;x
1116;90;85;94; ;x
1117;131;182;226; ;x
1118;160;60;255; ;x
1119;95;244;85; ;x
1120;243;93;49; ;x
1121;217;142;216; ;x
1122;248;119;65; ;x
1123;110;167;30; ;x
1124;40;30;255; ;x
1125;239;149;32; ;x
1126;66;91;230; ;x
1127;99;200;219; ;x
1128;144;125;221; ;x
1129;111;134;214; ;x
1130;101;81;209; ;x
1131;56;226;214; ;x
1132;37;50;92; ;x
1133;135;238;80; ;x
1134;240;111;198; ;x
1135;66;252;90; ;x
1136;175;163;23; ;x
1137;161;157;203; ;x
1138;207;185;137; ;x
1139;100;80;255; ;x
1140;97;126;66; ;x
1141;187;176;31; ;x
1142;43;214;189; ;x
1143;68;55;152; ;x
1144;63;157;95; ;x
1145;172;85;117; ;x
1146;62;133;225; ;x
1147;33;214;217; ;x
1148;215;192;85; ;x
1149;190;98;149; ;x
1150;90;160;187; ;x
1151;65;49;172; ;x
1152;156;241;217; ;x
1153;122;225;250; ;x
1154;169;234;81; ;x
1155;218;207;2; ;x
1156;56;111;75; ;x
1157;141;102;91; ;x
1158;234;199;134; ;x
1159;246;208;165; ;x
1160;110;187;57; ;x
1161;124;81;114; ;x
1162;184;61;86; ;x
1163;41;180;38; ;x
1164;220;243;159; ;x
1165;91;224;108; ;x
1166;189;171;153; ;x
1167;147;152;177; ;x
1168;231;177;76; ;x
1169;144;78;147; ;x
1170;75;42;70; ;x
1171;35;37;32; ;x
1172;247;86;23; ;x
1173;123;120;234; ;x
1174;232;150;134; ;x
1175;151;184;238; ;x
1176;229;204;35; ;x
1177;238;195;162; ;x
1178;70;200;248; ;x
1179;69;208;152; ;x
1180;161;89;222; ;x
1181;73;124;78; ;x
1182;40;125;192; ;x
1183;120;80;255; ;x
1184;87;184;208; ;x
1185;90;153;233; ;x
1186;53;231;82; ;x
1187;155;177;54; ;x
1188;180;163;22; ;x
1189;58;236;245; ;x
1190;190;153;252; ;x
1191;201;106;116; ;x
1192;65;171;250; ;x
1193;198;225;128; ;x
1194;180;248;248; ;x
1195;141;251;65; ;x
1196;223;136;253; ;x
1197;39;226;108; ;x
1198;43;157;82; ;x
1199;186;234;115; ;x
1200;184;38;120; ;x
1201;60;50;255; ;x
1202;35;86;125; ;x
1203;205;120;96; ;x
1204;125;98;243; ;x
1205;176;165;111; ;x
1206;225;231;167; ;x
1207;249;91;163; ;x
1208;189;116;145; ;x
1209;91;155;49; ;x
1210;115;189;110; ;x
1211;251;171;206; ;x
1212;236;207;32; ;x
1213;203;161;112; ;x
1214;177;170;215; ;x
1215;75;150;56; ;x
1216;196;90;87; ;x
1217;101;107;59; ;x
1218;233;249;159; ;x
1219;94;183;219; ;x
1220;183;193;253; ;x
1221;43;212;211; ;x
1222;208;195;161; ;x
1223;107;249;4; ;x
1224;209;46;47; ;x
1225;179;75;119; ;x
1226;50;140;246; ;x
1227;189;39;81; ;x
1228;131;96;219; ;x
1229;47;93;208; ;x
1230;51;195;0; ;x
1231;76;225;193; ;x
1232;254;144;69; ;x
1233;163;222;225; ;x
1234;198;221;189; ;x
1235;99;224;149; ;x
1236;192;62;186; ;x
1237;89;240;184; ;x
1238;68;245;193; ;x
1239;224;51;2; ;x
1240;204;161;45; ;x
1241;131;92;66; ;x
1242;92;94;63; ;x
1243;46;79;132; ;x
1244;48;134;107; ;x
1245;159;37;129; ;x
1246;201;51;128; ;x
1247;158;170;68; ;x
1248;151;92;207; ;x
1249;220;87;84; ;x
1250;213;215;51; ;x
1251;206;200;204; ;x
1252;50;248;14; ;x
1253;166;167;250; ;x
1254;162;105;226; ;x
1255;152;104;54; ;x
1256;213;55;111; ;x
1257;157;141;23; ;x
1258;115;183;194; ;x
1259;73;98;184; ;x
1260;208;97;97; ;x
1261;70;90;205; ;x
1262;93;139;205; ;x
1263;189;245;17; ;x
1264;229;111;159; ;x
1265;166;225;234; ;x
1266;140;107;57; ;x
1267;200;60;166; ;x
1268;113;78;79; ;x
1269;240;237;157; ;x
1270;126;47;10; ;x
1271;106;237;56; ;x
1272;191;249;104; ;x
1273;206;49;183; ;x
1274;150;90;68; ;x
1275;156;181;109; ;x
1276;75;91;163; ;x
1277;120;102;103; ;x
1278;67;37;17; ;x
1279;130;146;250; ;x
1280;86;196;129; ;x
1281;99;105;1; ;x
1282;43;36;178; ;x
1283;180;60;255; ;x
1284;205;91;215; ;x
1285;154;159;25; ;x
1286;37;170;253; ;x
1287;99;185;30; ;x
1288;84;81;94; ;x
1289;114;133;194; ;x
1290;77;107;160; ;x
1291;35;67;119; ;x
1292;45;182;15; ;x
1293;122;73;125; ;x
1294;194;122;83; ;x
1295;182;232;186; ;x
1296;252;50;235; ;x
1297;101;76;38; ;x
1298;52;57;23; ;x
1299;88;249;187; ;x
1300;214;167;136; ;x
1301;60;181;244; ;x
1302;153;148;12; ;x
1303;153;163;152; ;x
1304;119;203;199; ;x
1305;248;198;197; ;x
1306;163;99;41; ;x
1307;209;130;74; ;x
1308;95;39;10; ;x
1309;231;227;216; ;x
1310;158;247;133; ;x
1311;129;141;107; ;x
1312;102;66;25; ;x
1313;177;96;187; ;x
1314;81;132;50; ;x
1315;228;95;156; ;x
1316;35;129;74; ;x
1317;106;197;71; ;x
1318;230;74;211; ;x
1319;175;102;108; ;x
1320;149;253;207; ;x
1321;213;68;218; ;x
1322;173;204;220; ;x
1323;216;208;80; ;x
1324;211;88;74; ;x
1325;67;82;240; ;x
1326;33;204;249; ;x
1327;44;199;56; ;x
1328;96;107;84; ;x
1329;247;242;38; ;x
1330;169;36;220; ;x
1331;36;184;4; ;x
1332;190;101;202; ;x
1333;92;167;218; ;x
1334;111;105;221; ;x
1335;185;36;87; ;x
1336;87;216;60; ;x
1337;159;157;241; ;x
1338;128;134;144; ;x
1339;79;179;253; ;x
1340;182;108;40; ;x
1341;93;184;223; ;x
1342;121;110;32; ;x
1343;69;66;43; ;x
1344;131;230;22; ;x
1345;35;199;24; ;x
1346;72;249;179; ;x
1347;123;38;198; ;x
1348;121;104;31; ;x
1349;87;202;33; ;x
1350;184;52;132; ;x
1351;55;207;230; ;x
1352;187;182;80; ;x
1353;133;222;14; ;x
1354;133;37;13; ;x
1355;168;147;76; ;x
1356;76;79;123; ;x
1357;75;214;250; ;x
1358;249;250;29; ;x
1359;70;132;238; ;x
1360;243;160;188; ;x
1361;128;146;19; ;x
1362;131;120;210; ;x
1363;113;248;91; ;x
1364;115;45;14; ;x
1365;138;161;223; ;x
1366;101;49;71; ;x
1367;60;30;255; ;x
1368;183;75;58; ;x
1369;105;217;65; ;x
1370;176;207;13; ;x
1371;216;80;105; ;x
1372;99;38;183; ;x
1373;235;242;229; ;x
1374;85;188;82; ;x
1375;61;67;182; ;x
1376;143;151;107; ;x
1377;83;71;233; ;x
1378;242;104;72; ;x
1379;134;60;123; ;x
1380;243;218;116; ;x
1381;72;43;48; ;x
1382;190;192;228; ;x
1383;61;105;73; ;x
1384;216;215;53; ;x
1385;162;212;125; ;x
1386;81;66;166; ;x
1387;58;185;34; ;x
1388;35;134;225; ;x
1389;248;199;78; ;x
1390;221;155;132; ;x
1391;229;239;130; ;x
1392;190;38;133; ;x
1393;56;164;63; ;x
1394;48;105;16; ;x
1395;150;241;241; ;x
1396;140;73;28; ;x
1397;197;45;141; ;x
1398;170;73;243; ;x
1399;202;187;106; ;x
1400;202;203;26; ;x
1401;201;103;170; ;x
1402;180;165;116; ;x
1403;204;92;236; ;x
1404;231;51;105; ;x
1405;155;67;26; ;x
1406;160;220;233; ;x
1407;44;240;147; ;x
1408;60;80;255; ;x
1409;164;147;93; ;x
1410;178;205;118; ;x
1411;74;161;212; ;x
1412;49;144;31; ;x
1413;131;72;84; ;x
1414;129;143;6; ;x
1415;159;103;212; ;x
1416;150;236;20; ;x
1417;83;112;127; ;x
1418;205;104;239; ;x
1419;163;152;22; ;x
1420;246;241;114; ;x
1421;68;170;44; ;x
1422;148;170;79; ;x
1423;195;173;44; ;x
1424;42;128;46; ;x
1425;177;220;209; ;x
1426;157;181;28; ;x
1427;103;97;195; ;x
1428;212;222;26; ;x
1429;178;158;57; ;x
1430;117;145;41; ;x
1431;43;133;131; ;x
1432;108;134;23; ;x
1433;46;52;36; ;x
1434;189;71;131; ;x
1435;245;207;222; ;x
1436;244;243;179; ;x
1437;80;234;84; ;x
1438;208;240;9; ;x
1439;115;71;210; ;x
1440;98;153;13; ;x
1441;243;40;150; ;x
1442;64;254;186; ;x
1443;173;162;239; ;x
1444;95;191;9; ;x
1445;37;43;218; ;x
1446;84;136;189; ;x
1447;126;43;213; ;x
1448;46;110;2; ;x
1449;113;216;11; ;x
1450;241;227;224; ;x
1451;153;127;83; ;x
1452;169;247;144; ;x
1453;117;250;229; ;x
1454;64;43;188; ;x
1455;134;238;136; ;x
1456;177;39;196; ;x
1457;123;216;106; ;x
1458;89;254;234; ;x
1459;181;197;176; ;x
1460;245;122;23; ;x
1461;189;242;200; ;x
1462;213;145;120; ;x
1463;181;68;88; ;x
1464;252;160;243; ;x
1465;211;58;78; ;x
1466;131;238;181; ;x
1467;241;42;179; ;x
1468;217;166;234; ;x
1469;165;87;102; ;x
1470;163;163;78; ;x
1471;203;84;20; ;x
1472;58;90;171; ;x
1473;91;181;129; ;x
1474;241;123;177; ;x
1475;237;232;117; ;x
1476;116;125;124; ;x
1477;236;193;141; ;x
1478;117;174;110; ;x
1479;83;60;223; ;x
1480;239;173;150; ;x
1481;179;169;162; ;x
1482;174;66;35; ;x
1483;154;119;142; ;x
1484;241;220;163; ;x
1485;113;229;39; ;x
1486;193;221;101; ;x
1487;121;48;134; ;x
1488;130;248;178; ;x
1489;253;230;51; ;x
1490;152;245;77; ;x
1491;52;120;23; ;x
1492;133;177;212; ;x
1493;126;169;81; ;x
1494;61;142;149; ;x
1495;35;227;163; ;x
1496;82;128;113; ;x
1497;254;44;144; ;x
1498;188;139;66; ;x
1499;76;189;72; ;x
1500;95;94;12; ;x
1501;83;111;41; ;x
1502;41;247;236; ;x
1503;38;204;251; ;x
1504;167;47;119; ;x
1505;89;219;122; ;x
1506;132;127;12; ;x
1507;53;227;4; ;x
1508;91;40;148; ;x
1509;114;187;166; ;x
1510;80;30;255; ;x
1511;143;51;81; ;x
1512;40;80;255; ;x
1513;88;139;27; ;x
1514;133;254;134; ;x
1515;133;198;218; ;x
1516;222;179;209; ;x
1517;162;87;114; ;x
1518;147;231;238; ;x
1519;64;114;145; ;x
1520;237;248;157; ;x
1521;179;71;41; ;x
1522;237;52;248; ;x
1523;111;208;103; ;x
1524;103;236;1; ;x
1525;66;60;208; ;x
1526;111;82;57; ;x
1527;225;99;197; ;x
1528;248;159;9; ;x
1529;116;73;211; ;x
1530;79;101;81; ;x
1531;97;58;139; ;x
1532;173;102;57; ;x
1533;192;188;95; ;x
1534;192;207;107; ;x
1535;77;100;44; ;x
1536;210;189;236; ;x
1537;176;192;25; ;x
1538;162;198;118; ;x
1539;169;42;85; ;x
1540;148;191;220; ;x
1541;168;233;18; ;x
1542;180;106;85; ;x
1543;79;240;215; ;x
1544;37;34;163; ;x
1545;247;147;230; ;x
1546;20;80;255; ;x
1547;191;189;130; ;x
1548;193;215;54; ;x
1549;125;139;144; ;x
1550;203;101;20; ;x
1551;207;76;107; ;x
1552;154;175;54; ;x
1553;250;198;94; ;x
1554;204;185;83; ;x
1555;74;111;224; ;x
1556;195;107;139; ;x
1557;242;68;245; ;x
1558;89;57;186; ;x
1559;200;60;255; ;x
1560;66;181;160; ;x
1561;60;54;102; ;x
1562;113;66;217; ;x
1563;57;116;175; ;x
1564;125;203;80; ;x
1565;115;241;234; ;x
1566;69;185;175; ;x
1567;86;195;154; ;x
1568;175;37;244; ;x
1569;118;64;199; ;x
1570;186;182;234; ;x
1571;164;184;90; ;x
1572;171;157;144; ;x
1573;150;115;144; ;x
1574;140;80;255; ;x
1575;170;165;111; ;x
1576;228;153;91; ;x
1577;85;93;233; ;x
1578;73;147;185; ;x
1579;194;139;89; ;x
1580;86;214;95; ;x
1581;39;68;127; ;x
1582;68;106;87; ;x
1583;74;190;63; ;x
1584;212;214;9; ;x
1585;207;81;34; ;x
1586;120;142;156; ;x
1587;144;118;31; ;x
1588;81;208;111; ;x
1589;186;92;184; ;x
1590;138;89;196; ;x
1591;202;144;163; ;x
1592;48;252;242; ;x
1593;82;128;213; ;x
1594;130;152;41; ;x
1595;154;111;196; ;x
1596;245;84;52; ;x
1597;142;177;128; ;x
1598;109;126;110; ;x
1599;77;122;18; ;x
1600;181;106;46; ;x
1601;129;202;114; ;x
1602;254;124;252; ;x
1603;120;56;243; ;x
1604;118;78;94; ;x
1605;121;129;66; ;x
1606;68;145;154; ;x
1607;52;127;98; ;x
1608;36;163;55; ;x
1609;187;152;174; ;x
1610;98;184;89; ;x
1611;153;97;30; ;x
1612;129;170;76; ;x
1613;45;116;97; ;x
1614;55;159;13; ;x
1615;244;133;179; ;x
1616;120;100;78; ;x
1617;177;169;93; ;x
1618;34;170;49; ;x
1619;105;207;54; ;x
1620;116;224;165; ;x
1621;212;237;157; ;x
1622;35;109;110; ;x
1623;136;243;51; ;x
1624;71;226;242; ;x
1625;239;207;160; ;x
1626;60;148;192; ;x
1627;155;202;199; ;x
1628;252;222;3; ;x
1629;74;100;73; ;x
1630;161;172;39; ;x
1631;123;91;0; ;x
1632;53;52;67; ;x
1633;112;157;95; ;x
1634;229;100;117; ;x
1635;158;125;253; ;x
1636;183;205;139; ;x
1637;100;30;255; ;x
1638;106;207;10; ;x
1639;56;214;209; ;x
1640;140;138;229; ;x
1641;189;35;211; ;x
1642;197;137;150; ;x
1643;101;193;171; ;x
1644;104;96;58; ;x
1645;111;54;35; ;x
1646;246;161;26; ;x
1647;33;229;225; ;x
1648;83;164;226; ;x
1649;145;202;67; ;x
1650;231;217;25; ;x
1651;210;39;27; ;x
1652;242;54;34; ;x
1653;149;203;247; ;x
1654;245;246;23; ;x
1655;43;89;191; ;x
1656;93;151;0; ;x
1657;57;151;161; ;x
1658;108;176;165; ;x
1659;248;192;214; ;x
1660;128;218;124; ;x
1661;91;211;32; ;x
1662;139;166;119; ;x
1663;164;166;234; ;x
1664;61;229;151; ;x
1665;101;36;202; ;x
1666;75;65;84; ;x
1667;69;230;34; ;x
1668;171;91;211; ;x
1669;93;106;92; ;x
1670;220;60;255; ;x
1671;54;35;169; ;x
1672;61;147;82; ;x
1673;245;163;45; ;x
1674;120;30;255; ;x
1675;218;226;182; ;x
1676;155;106;213; ;x
1677;39;197;166; ;x
1678;48;156;56; ;x
1679;80;202;156; ;x
1680;70;228;49; ;x
1681;120;144;137; ;x
1682;84;42;103; ;x
1683;237;75;143; ;x
1684;126;181;153; ;x
1685;102;49;42; ;x
1686;53;147;149; ;x
1687;35;163;30; ;x
1688;196;136;97; ;x
1689;181;90;189; ;x
1690;123;206;82; ;x
1691;140;30;255; ;x
1692;160;30;255; ;x
1693;138;184;80; ;x
1694;169;111;14; ;x
1695;220;30;255; ;x
1696;39;34;214; ;x
1697;91;112;131; ;x
1698;110;95;88; ;x
1699;74;88;127; ;x
1700;134;67;203; ;x
1701;104;175;115; ;x
1702;77;253;53; ;x
1703;220;126;50; ;x
1704;209;155;90; ;x
1705;153;133;52; ;x
1706;20;100;255; ;x
1707;40;100;255; ;x
1708;173;164;4; ;x
1709;74;149;133; ;x
1710;49;33;82; ;x
1711;193;26;63; ;x
1712;33;80;7; ;x
1713;124;141;153; ;x
1714;200;30;255; ;x
1715;116;61;15; ;x
1716;38;209;234; ;x
1717;76;225;126; ;x
1718;216;146;163; ;x
1719;159;229;194; ;x
1720;118;114;221; ;x
1721;98;181;197; ;x
1722;45;127;209; ;x
1723;243;85;222; ;x
1724;77;102;100; ;x
1725;193;126;70; ;x
1726;123;88;246; ;x
1727;108;108;20; ;x
1728;71;34;94; ;x
1729;60;100;255; ;x
1730;252;214;29; ;x
1731;217;85;187; ;x
1732;192;132;45; ;x
1733;233;154;82; ;x
1734;57;106;75; ;x
1735;212;54;160; ;x
1736;74;126;193; ;x
1737;241;233;39; ;x
1738;187;249;246; ;x
1739;162;251;113; ;x
1740;99;244;201; ;x
1741;225;62;126; ;x
1742;198;186;45; ;x
1743;229;191;44; ;x
1744;253;150;140; ;x
1745;132;79;79; ;x
1746;101;96;5; ;x
1747;180;30;255; ;x
1748;42;214;140; ;x
1749;74;244;40; ;x
1750;182;190;96; ;x
1751;195;41;64; ;x
1752;85;241;28; ;x
1753;104;89;148; ;x
1754;72;33;34; ;x
1755;90;89;95; ;x
1756;147;154;245; ;x
1757;118;35;127; ;x
1758;171;48;242; ;x
1759;171;241;223; ;x
1760;238;49;142; ;x
1761;185;178;228; ;x
1762;165;242;70; ;x
1763;80;80;255; ;x
1764;113;48;222; ;x
1765;161;164;55; ;x
1766;143;187;180; ;x
1767;37;115;231; ;x
1768;162;36;110; ;x
1769;240;30;255; ;x
1770;229;138;3; ;x
1771;95;83;95; ;x
1772;132;243;102; ;x
1773;162;148;196; ;x
1774;124;214;168; ;x
1775;230;46;12; ;x
1776;45;232;122; ;x
1777;54;135;65; ;x
1778;134;233;211; ;x
1779;117;162;165; ;x
1780;253;231;55; ;x
1781;52;132;20; ;x
1782;58;196;135; ;x
1783;185;131;23; ;x
1784;221;157;1; ;x
1785;159;60;39; ;x
1786;136;128;196; ;x
1787;79;168;242; ;x
1788;171;101;191; ;x
1789;244;153;151; ;x
1790;204;34;178; ;x
1791;179;145;99; ;x
1792;88;174;230; ;x
1793;240;60;255; ;x
1794;102;46;234; ;x
1795;254;156;160; ;x
1796;203;231;66; ;x
1797;154;91;84; ;x
1798;72;135;14; ;x
1799;101;121;215; ;x
1800;149;170;154; ;x
1801;37;104;155; ;x
1802;90;57;59; ;x
1803;182;214;209; ;x
1804;197;112;71; ;x
1805;92;91;5; ;x
1806;72;77;215; ;x
1807;144;163;176; ;x
1808;187;39;141; ;x
1809;68;39;235; ;x
1810;131;198;139; ;x
1811;94;70;86; ;x
1812;223;183;191; ;x
1813;50;48;183; ;x
1814;241;164;154; ;x
1815;239;78;27; ;x
1816;236;103;34; ;x
1817;83;230;0; ;x
1818;91;241;141; ;x
1819;97;196;21; ;x
1820;140;161;47; ;x
1821;123;162;87; ;x
1822;143;186;235; ;x
1823;49;218;183; ;x
1824;142;106;24; ;x
1825;89;61;184; ;x
1826;38;249;95; ;x
1827;132;87;222; ;x
1828;87;56;119; ;x
1829;242;109;110; ;x
1830;38;150;117; ;x
1831;100;209;198; ;x
1832;57;199;38; ;x
1833;46;211;90; ;x
1834;64;97;235; ;x
1835;36;85;245; ;x
1836;241;54;21; ;x
1837;194;71;149; ;x
1838;90;115;172; ;x
1839;20;50;255; ;x
1840;94;85;121; ;x
1841;114;128;224; ;x
1842;80;109;53; ;x
1843;181;170;239; ;x
1844;10;163;158; ;x
1845;253;254;211; ;x
1846;236;195;42; ;x
1847;123;190;128; ;x
1848;174;229;200; ;x
1849;237;44;212; ;x
1850;108;14;183; ;x
1851;140;236;206; ;x
1852;82;218;198; ;x
1853;38;180;162; ;x
1854;187;221;90; ;x
1855;231;253;211; ;x
1856;64;125;99; ;x
1857;84;46;192; ;x
1858;207;213;44; ;x
1859;107;187;157; ;x
1860;247;95;12; ;x
1861;86;198;149; ;x
1862;159;186;2; ;x
1863;241;165;76; ;x
1864;253;216;101; ;x
1865;209;231;178; ;x
1866;108;209;69; ;x
1867;58;45;214; ;x
1868;171;194;135; ;x
1869;241;137;26; ;x
1870;100;85;129; ;x
1871;148;49;34; ;x
1872;57;184;76; ;x
1873;97;146;210; ;x
1874;145;133;159; ;x
1875;105;235;147; ;x
1876;88;228;188; ;x
1877;125;149;52; ;x
1878;115;99;87; ;x
1879;99;252;50; ;x
1880;187;170;67; ;x
1881;159;144;216; ;x
1882;232;178;188; ;x
1883;247;196;13; ;x
1884;148;98;7; ;x
1885;217;138;156; ;x
1886;146;216;180; ;x
1887;253;200;11; ;x
1888;190;189;0; ;x
1889;224;72;188; ;x
1890;184;55;14; ;x
1891;63;191;138; ;x
1892;40;173;115; ;x
1893;123;107;60; ;x
1894;181;246;43; ;x
1895;169;151;91; ;x
1896;124;34;144; ;x
1897;216;206;146; ;x
1898;40;50;255; ;x
1899;105;81;157; ;x
1900;146;81;156; ;x
1901;38;62;75; ;x
1902;137;90;68; ;x
1903;168;93;75; ;x
1904;62;72;92; ;x
1905;151;186;206; ;x
1906;158;246;24; ;x
1907;162;233;191; ;x
1908;141;60;117; ;x
1909;141;121;79; ;x
1910;117;217;17; ;x
1911;49;106;250; ;x
1912;245;132;138; ;x
1913;83;112;205; ;x
1914;122;172;120; ;x
1915;223;99;48; ;x
1916;107;123;234; ;x
1917;83;206;106; ;x
1918;159;200;113; ;x
1919;237;239;251; ;x
1920;196;247;240; ;x
1921;92;105;28; ;x
1922;167;80;84; ;x
1923;120;138;83; ;x
1924;97;55;187; ;x
1925;252;146;32; ;x
1926;92;199;160; ;x
1927;38;129;241; ;x
1928;115;100;192; ;x
1929;153;212;51; ;x
1930;156;58;20; ;x
1931;242;103;134; ;x
1932;112;63;12; ;x
1933;36;197;10; ;x
1934;149;182;183; ;x
1935;94;60;232; ;x
1936;119;156;98; ;x
1937;219;155;146; ;x
1938;39;173;130; ;x
1939;55;46;163; ;x
1940;143;180;111; ;x
1941;87;217;200; ;x
1942;38;184;215; ;x
1943;201;125;66; ;x
1944;136;113;154; ;x
1945;154;166;2; ;x
1946;73;34;184; ;x
1947;115;240;127; ;x
1948;233;125;244; ;x
1949;152;151;63; ;x
1950;210;117;190; ;x
1951;179;209;95; ;x
1952;86;66;227; ;x
1953;147;142;73; ;x
1954;217;46;241; ;x
1955;254;69;100; ;x
1956;119;107;97; ;x
1957;199;190;145; ;x
1958;74;96;141; ;x
1959;245;130;168; ;x
1960;140;102;59; ;x
1961;241;210;79; ;x
1962;129;247;161; ;x
1963;58;99;119; ;x
1964;99;141;61; ;x
1965;91;57;29; ;x
1966;180;131;240; ;x
1967;146;96;232; ;x
1968;67;213;117; ;x
1969;181;47;146; ;x
1970;229;235;170; ;x
1971;180;100;255; ;x
1972;200;100;255; ;x
1973;128;58;142; ;x
1974;213;159;1; ;x
1975;97;136;217; ;x
1976;246;57;57; ;x
1977;187;203;70; ;x
1978;227;157;203; ;x
1979;119;32;7; ;x
1980;219;65;93; ;x
1981;117;247;241; ;x
1982;41;42;148; ;x
1983;9;71;230; ;x
1984;74;233;179; ;x
1985;95;96;221; ;x
1986;111;238;220; ;x
1987;152;252;64; ;x
1988;225;176;71; ;x
1989;154;192;229; ;x
1990;65;137;140; ;x
1991;236;96;11; ;x
1992;238;103;242; ;x
1993;188;214;119; ;x
1994;142;236;158; ;x
1995;190;57;65; ;x
1996;156;145;95; ;x
1997;111;209;228; ;x
1998;136;99;254; ;x
1999;220;43;30; ;x
2000;41;231;68; ;x
2001;160;100;255; ;x
2002;85;194;92; ;x
2003;191;149;65; ;x
2004;116;157;245; ;x
2005;128;171;30; ;x
2006;100;40;37; ;x
2007;247;218;189; ;x
2008;27;97;65; ;x
2009;211;247;201; ;x
2010;174;52;230; ;x
2011;124;47;67; ;x
2012;230;53;67; ;x
2013;114;63;152; ;x
2014;152;209;150; ;x
2015;219;184;38; ;x
2016;80;100;255; ;x
2017;116;30;204; ;x
2018;82;109;86; ;x
2019;220;100;255; ;x
2020;221;64;24; ;x
2021;218;41;192; ;x
2022;64;128;209; ;x
2023;236;138;197; ;x
2024;154;126;148; ;x
2025;240;100;255; ;x
2026;86;201;5; ;x
2027;213;174;80; ;x
2028;16;65;101; ;x
2029;173;206;208; ;x
2030;155;227;175; ;x
2031;60;36;35; ;x
2032;218;249;58; ;x
2033;155;213;64; ;x
2034;254;73;108; ;x
2035;151;119;102; ;x
2036;157;155;28; ;x
2037;158;241;229; ;x
2038;143;194;86; ;x
2039;33;173;59; ;x
2040;59;93;1; ;x
2041;103;231;20; ;x
2042;70;112;111; ;x
2043;46;35;107; ;x
2044;83;80;157; ;x
2045;142;117;103; ;x
2046;173;80;219; ;x
2047;77;139;186; ;x
2048;184;190;195; ;x
2049;219;220;231; ;x
2050;114;219;241; ;x
2051;206;227;68; ;x
2052;237;129;92; ;x
2053;57;222;49; ;x
2054;102;196;158; ;x
2055;140;100;255; ;x
2056;98;45;43; ;x
2057;221;206;97; ;x
2058;20;120;255; ;x
2059;146;120;81; ;x
2060;190;46;221; ;x
2061;230;158;15; ;x
2062;81;36;50; ;x
2063;148;57;254; ;x
2064;48;143;66; ;x
2065;113;180;83; ;x
2066;43;187;59; ;x
2067;211;241;126; ;x
2068;60;120;255; ;x
2069;79;241;215; ;x
2070;184;53;219; ;x
2071;114;93;43; ;x
2072;164;161;120; ;x
2073;120;107;145; ;x
2074;208;164;81; ;x
2075;5;227;98; ;x
2076;34;141;103; ;x
2077;130;44;108; ;x
2078;149;63;64; ;x
2079;139;120;144; ;x
2080;127;140;122; ;x
2081;229;161;92; ;x
2082;167;50;102; ;x
2083;61;200;185; ;x
2084;141;231;218; ;x
2085;195;137;58; ;x
2086;250;41;22; ;x
2087;191;55;191; ;x
2088;187;45;34; ;x
2089;51;95;174; ;x
2090;254;151;176; ;x
2091;184;230;62; ;x
2092;165;244;99; ;x
2093;111;51;28; ;x
2094;129;77;133; ;x
2095;153;160;69; ;x
2096;153;232;59; ;x
2097;79;252;79; ;x
2098;72;244;26; ;x
2099;76;244;191; ;x
2100;169;93;64; ;x
2101;158;83;186; ;x
2102;118;103;157; ;x
2103;125;96;43; ;x
2104;178;87;109; ;x
2105;215;73;36; ;x
2106;109;126;26; ;x
2107;245;137;140; ;x
2108;116;213;100; ;x
2109;150;146;235; ;x
2110;203;70;116; ;x
2111;131;236;192; ;x
2112;210;132;109; ;x
2113;195;207;88; ;x
2114;138;114;28; ;x
2115;57;236;100; ;x
2116;137;114;74; ;x
2117;139;148;19; ;x
2118;200;110;151; ;x
2119;222;94;56; ;x
2120;92;128;120; ;x
2121;84;138;93; ;x
2122;182;116;56; ;x
2123;187;145;74; ;x
2124;40;120;255; ;x
2125;44;123;50; ;x
2126;91;206;228; ;x
2127;159;110;143; ;x
2128;183;71;177; ;x
2129;67;51;132; ;x
2130;178;102;224; ;x
2131;193;180;130; ;x
2132;58;54;185; ;x
2133;241;52;94; ;x
2134;172;183;207; ;x
2135;239;108;17; ;x
2136;46;105;137; ;x
2137;95;230;69; ;x
2138;247;49;205; ;x
2139;175;80;72; ;x
2140;136;77;251; ;x
2141;175;125;253; ;x
2142;48;245;26; ;x
2143;119;232;61; ;x
2144;226;209;102; ;x
2145;196;194;146; ;x
2146;69;204;75; ;x
2147;141;174;201; ;x
2148;118;193;124; ;x
2149;75;204;241; ;x
2150;120;162;87; ;x
2151;33;133;86; ;x
2152;215;192;149; ;x
2153;252;59;73; ;x
2154;60;133;250; ;x
2155;196;247;153; ;x
2156;120;100;255; ;x
2157;197;197;27; ;x
2158;108;99;51; ;x
2159;57;48;81; ;x
2160;68;42;153; ;x
2161;17;75;152; ;x
2162;142;208;9; ;x
2163;229;246;243; ;x
2164;118;250;204; ;x
2165;218;43;142; ;x
2166;152;199;80; ;x
2167;185;190;99; ;x
2168;59;77;218; ;x
2169;51;239;250; ;x
2170;102;93;116; ;x
2171;201;145;191; ;x
2172;131;136;55; ;x
2173;239;105;211; ;x
2174;242;115;100; ;x
2175;170;32;123; ;x
2176;204;40;131; ;x
2177;152;203;99; ;x
2178;156;49;78; ;x
2179;94;127;88; ;x
2180;100;100;255; ;x
2181;57;36;175; ;x
2182;101;39;46; ;x
2183;193;26;53; ;x
2184;122;82;154; ;x
2185;65;254;68; ;x
2186;193;238;243; ;x
2187;81;131;245; ;x
2188;131;244;99; ;x
2189;227;225;122; ;x
2190;85;93;225; ;x
2191;236;192;42; ;x
2192;38;47;90; ;x
2193;91;70;152; ;x
2194;149;240;24; ;x
2195;107;245;107; ;x
2196;106;68;30; ;x
2197;193;196;133; ;x
2198;228;144;126; ;x
2199;127;194;142; ;x
2200;177;137;38; ;x
2201;168;68;92; ;x
2202;45;247;66; ;x
2203;167;184;27; ;x
2204;48;137;113; ;x
2205;33;144;134; ;x
2206;133;109;124; ;x
2207;246;200;222; ;x
2208;221;144;163; ;x
2209;157;71;170; ;x
2210;45;219;56; ;x
2211;219;71;106; ;x
2212;177;129;89; ;x
2213;94;180;84; ;x
2214;108;147;63; ;x
2215;105;59;209; ;x
2216;178;56;221; ;x
2217;65;230;189; ;x
2218;96;94;22; ;x
2219;203;156;48; ;x
2220;58;143;76; ;x
2221;209;198;11; ;x
2222;160;245;140; ;x
2223;109;87;245; ;x
2224;62;154;35; ;x
2225;144;122;120; ;x
2226;71;42;74; ;x
2227;171;44;96; ;x
2228;80;119;89; ;x
2229;156;120;25; ;x
2230;217;123;130; ;x
2231;94;96;65; ;x
2232;121;214;146; ;x
2233;169;101;214; ;x
2234;209;61;125; ;x
2235;194;56;58; ;x
2236;252;151;2; ;x
2237;234;149;96; ;x
2238;198;158;196; ;x
2239;230;191;237; ;x
2240;193;202;119; ;x
2241;52;175;204; ;x
2242;124;123;99; ;x
2243;131;137;35; ;x
2244;241;202;88; ;x
2245;57;107;44; ;x
2246;221;222;125; ;x
2247;40;251;228; ;x
2248;187;87;196; ;x
2249;121;143;57; ;x
2250;157;143;29; ;x
2251;146;210;186; ;x
2252;57;46;164; ;x
2253;129;43;147; ;x
2254;199;50;42; ;x
2255;71;122;37; ;x
2256;219;17;130; ;x
2257;184;149;18; ;x
2258;187;157;230; ;x
2259;46;75;207; ;x
2260;159;139;42; ;x
2261;222;151;234; ;x
2262;89;205;208; ;x
2263;195;38;3; ;x
2264;136;175;145; ;x
2265;107;78;102; ;x
2266;0;232;165; ;x
2267;167;211;183; ;x
2268;160;75;66; ;x
2269;104;19;76; ;x
2270;228;172;45; ;x
2271;83;151;114; ;x
2272;116;76;7; ;x
2273;51;92;119; ;x
2274;154;56;110; ;x
2275;109;178;2; ;x
2276;71;155;162; ;x
2277;174;41;153; ;x
2278;225;113;134; ;x
2279;78;233;136; ;x
2280;48;119;70; ;x
2281;235;85;201; ;x
2282;236;114;216; ;x
2283;188;126;200; ;x
2284;84;35;241; ;x
2285;164;249;49; ;x
2286;64;88;144; ;x
2287;223;232;168; ;x
2288;156;180;235; ;x
2289;194;229;124; ;x
2290;206;126;157; ;x
2291;95;187;246; ;x
2292;225;190;76; ;x
2293;114;151;64; ;x
2294;59;181;198; ;x
2295;4;13;59; ;x
2296;107;188;206; ;x
2297;82;166;44; ;x
2298;129;94;65; ;x
2299;197;190;244; ;x
2300;171;56;155; ;x
2301;73;191;123; ;x
2302;201;93;200; ;x
2303;184;124;240; ;x
2304;246;73;82; ;x
2305;170;185;239; ;x
2306;219;143;124; ;x
2307;151;187;85; ;x
2308;82;112;32; ;x
2309;254;234;19; ;x
2310;66;103;212; ;x
2311;109;106;156; ;x
2312;67;45;91; ;x
2313;199;215;250; ;x
2314;142;128;139; ;x
2315;143;192;151; ;x
2316;36;46;253; ;x
2317;85;199;228; ;x
2318;101;181;154; ;x
2319;136;162;124; ;x
2320;149;87;110; ;x
2321;144;96;145; ;x
2322;58;206;12; ;x
2323;60;247;178; ;x
2324;192;195;197; ;x
2325;81;80;109; ;x
2326;86;38;71; ;x
2327;60;47;225; ;x
2328;44;131;59; ;x
2329;249;166;88; ;x
2330;105;145;208; ;x
2331;181;153;43; ;x
2332;233;219;233; ;x
2333;245;61;89; ;x
2334;242;162;213; ;x
2335;247;154;155; ;x
2336;248;114;134; ;x
2337;115;131;252; ;x
2338;149;161;44; ;x
2339;215;128;8; ;x
2340;91;219;176; ;x
2341;105;199;213; ;x
2342;141;89;10; ;x
2343;0;105;35; ;x
2344;233;66;93; ;x
2345;111;77;106; ;x
2346;88;88;214; ;x
2347;60;43;78; ;x
2348;38;86;40; ;x
2349;191;35;169; ;x
2350;56;94;90; ;x
2351;98;45;83; ;x
2352;118;161;171; ;x
2353;128;55;120; ;x
2354;49;52;158; ;x
